occ,utm_e,utm_n,pool,period,secchi,temp,depth,cond,current,do
0,734608,4648501,13,2,35,22.7,0.5,404,0,11.8
1,734108,4648551,13,3,60,20.7,0.6,464,0,4.4
1,734608,4648501,13,3,48,16.6,0.9,321,0,10.5
1,735008,4650751,13,2,46,23.8,1.2,376,0.08,8
0,734108,4648601,13,2,NA,NA,NA,NA,NA,NA
1,734958,4650701,13,3,29,18.9,0.9,459,0.06,7.4
1,734608,4648601,13,3,42,15.8,1,312,0.06,9.9
0,734608,4648701,13,1,42,27.8,0.8,367,0,8.2
0,735008,4650701,13,1,32,25.4,0.8,492,0,5.3
0,734508,4648651,13,1,NA,NA,NA,NA,NA,NA
0,734358,4648751,13,2,NA,NA,NA,NA,NA,NA
1,734458,4648801,13,1,21,26,0.5,361,0.11,6.4
0,734108,4648551,13,2,70,22.9,0.7,491,0,1.6
1,734958,4650701,13,1,36,23.1,0.7,478,0.16,8.2
1,735708,4651201,13,3,59,17.6,0.9,390,0.04,12.1
0,735108,4649651,13,2,68,25.2,0.8,294,0.02,7.9
1,735108,4649901,13,2,60,24.3,0.9,361,0.05,10
1,735708,4651201,13,2,50,24.5,1.1,376,0.04,10.1
1,735158,4649951,13,3,20,18.6,0.8,396,0,9.1
0,735558,4650501,13,2,NA,NA,NA,NA,NA,NA
0,735708,4651401,13,2,60,26.5,0.7,401,0.03,9.7
0,735458,4650451,13,3,NA,NA,NA,NA,NA,NA
0,735108,4649701,13,1,47,28.3,0.8,342,0.02,14.8
0,735658,4650601,13,1,58,26.3,0.6,469,0,7.7
0,735508,4650351,13,1,20,25.6,0.4,356,0,7.4
0,735508,4650551,13,2,NA,NA,NA,NA,NA,NA
0,735658,4651251,13,1,24,23.5,0.8,351,0.14,6.3
1,735458,4650451,13,3,101,22,0.8,381,0.04,8.8
0,735458,4650451,13,2,NA,NA,NA,NA,NA,NA
0,735508,4650551,13,2,NA,NA,NA,NA,NA,NA
0,735658,4651351,13,1,NA,NA,NA,NA,NA,NA
0,735658,4651201,13,1,NA,NA,NA,NA,NA,NA
0,735658,4650651,13,1,30,24.7,0.7,419,0,12.6
0,736858,4651401,13,3,NA,NA,NA,NA,NA,NA
0,736758,4650901,13,2,NA,NA,NA,NA,NA,NA
0,736758,4650851,13,3,NA,NA,NA,NA,NA,NA
0,736608,4651251,13,1,46,27.1,0.5,380,0,12.7
1,736708,4650951,13,2,41,19.8,0.5,389,0,8.2
0,736858,4651201,13,2,74,23.4,0.6,372,0.03,6.1
0,736758,4651201,13,2,NA,NA,NA,NA,NA,NA
0,737008,4651301,13,1,NA,NA,NA,NA,NA,NA
0,736558,4650901,13,1,NA,NA,NA,NA,NA,NA
0,736608,4651251,13,2,NA,NA,NA,NA,NA,NA
0,736358,4650651,13,3,76,15.5,0.8,396,0.08,8.1
0,736858,4651251,13,1,NA,NA,NA,NA,NA,NA
0,736808,4651101,13,1,NA,NA,NA,NA,NA,NA
1,735958,4651701,13,3,70,21.9,1.1,379,0,9.5
0,736008,4651601,13,1,52,26.7,1,374,0.05,13
0,737308,4651851,13,3,NA,NA,NA,NA,NA,NA
1,735208,4652551,13,2,40,26.4,1.8,360,0,9.1
0,735358,4652901,13,1,NA,NA,NA,NA,NA,NA
0,735258,4652651,13,3,NA,NA,NA,NA,NA,NA
1,735358,4653201,13,1,44,27.1,1,266,0.05,12.1
1,737358,4652601,13,3,68,20.5,0.8,370,0,7
1,737308,4653851,13,2,35,27.2,0.6,393,0.07,11.5
1,737258,4654051,13,1,46,28.5,0.8,383,0,11.6
1,736558,4656251,13,3,56,15.8,0.8,398,0.1,8.4
1,736708,4656151,13,1,60,28.2,1.1,353,0.12,11.5
0,736808,4656001,13,1,NA,NA,NA,NA,NA,NA
0,736958,4655601,13,1,NA,NA,NA,NA,NA,NA
0,737008,4655101,13,2,NA,NA,NA,NA,NA,NA
1,736958,4655101,13,2,24,24.4,0.6,446,0.13,7.7
0,737008,4655551,13,2,NA,NA,NA,NA,NA,NA
1,737158,4656051,13,2,34,29.5,0.8,489,0,7.1
0,737758,4655951,13,2,NA,NA,NA,NA,NA,NA
0,737408,4656151,13,1,30,27.7,0.5,372,0,5.8
0,737158,4656051,13,2,NA,NA,NA,NA,NA,NA
1,737458,4655801,13,3,60,15.4,1.1,395,0.15,7.8
0,738008,4656151,13,2,54,26.8,0.8,361,0,10
0,737858,4656051,13,1,52,27.4,1,361,0,7.2
1,737758,4655901,13,1,30,24.2,0.8,425,0,10.1
0,737858,4656001,13,2,110,22.2,0.8,318,0,4.8
1,737458,4655901,13,1,38,24.6,0.6,471,0.12,9.5
1,737158,4656051,13,2,34,18.4,1,365,0.16,8.3
1,737758,4656101,13,2,66,26.6,0.9,413,0,3.5
0,737758,4655851,13,2,NA,NA,NA,NA,NA,NA
0,737558,4656051,13,1,NA,NA,NA,NA,NA,NA
1,736908,4656551,13,1,32,27.2,0.5,523,0.14,6.9
0,735258,4656601,13,3,NA,NA,NA,NA,NA,NA
0,735258,4656451,13,2,NA,NA,NA,NA,NA,NA
1,735508,4656201,13,2,24,18.3,0.7,348,0.03,8.2
0,737158,4657001,13,2,NA,NA,NA,NA,NA,NA
1,737058,4656751,13,3,32,16.4,0.85,315,0.03,9.8
0,735358,4659151,13,3,NA,NA,NA,NA,NA,NA
0,734158,4659201,13,2,NA,NA,NA,NA,NA,NA
0,734208,4658851,13,1,NA,NA,NA,NA,NA,NA
0,734108,4659051,13,1,NA,NA,NA,NA,NA,NA
1,735208,4659401,13,3,68,14.5,0.7,403,0,8.6
1,734108,4660451,13,2,68,26.4,1.1,400,0,8.8
1,734158,4660401,13,2,43,25.3,1.1,446,0,3.9
1,734158,4660351,13,2,38,27,1.1,396,0,8.9
1,733608,4660351,13,1,62,24.2,0.7,422,0,12.8
1,733408,4660251,13,2,24,23.6,1,294,0,10.5
1,733808,4660501,13,2,26,28.3,0.9,296,0,4.7
1,733358,4660101,13,3,34,11.8,0.9,327,0,11
1,733458,4659801,13,3,24,21.5,0.7,307,0,8.2
1,734008,4660401,13,3,20,21.6,0.7,334,0,16.5
1,733408,4660201,13,2,43,26,0.8,367,0,6
1,734008,4660301,13,3,62,15.8,0.9,424,0,7.9
1,734008,4660301,13,2,32,24.3,0.7,285,0,11.1
1,733758,4660451,13,2,35,25.9,1,373,0,10.9
1,733858,4660551,13,2,28,21.3,0.6,323,0,13.9
0,735758,4661101,13,3,NA,NA,NA,NA,NA,NA
1,736958,4658051,13,3,62,15.8,0.9,358,0,7.7
1,736958,4657901,13,3,60,18.8,0.6,391,0,8.4
0,738408,4656401,13,3,NA,NA,NA,NA,NA,NA
1,737458,4656751,13,3,70,18.8,0.7,406,0,6.7
1,736808,4658351,13,2,77,25.4,0.9,367,0,5.4
0,738158,4659801,13,3,NA,NA,NA,NA,NA,NA
0,737008,4659001,13,2,NA,NA,NA,NA,NA,NA
0,736858,4660901,13,3,NA,NA,NA,NA,NA,NA
1,737108,4657801,13,3,100,18.7,1.1,319,0,8.4
0,738108,4657251,13,2,NA,NA,NA,NA,NA,NA
1,737158,4657801,13,3,38,21.5,1,335,0,5.5
0,738158,4659801,13,3,NA,NA,NA,NA,NA,NA
0,736908,4658251,13,3,NA,NA,NA,NA,NA,NA
0,736758,4658501,13,3,NA,NA,NA,NA,NA,NA
1,736908,4657851,13,3,100,13.8,1,250,0,7.3
0,737208,4658301,13,3,NA,NA,NA,NA,NA,NA
1,737308,4657851,13,3,82,14.3,0.9,260,0,7.9
1,736558,4657851,13,1,83,23,0.8,323,0,10.5
0,736658,4661001,13,2,NA,NA,NA,NA,NA,NA
1,736958,4658001,13,2,100,25,1,220,0,2
0,738258,4659101,13,2,NA,NA,NA,NA,NA,NA
0,737258,4657901,13,2,96,25,0.7,233,0,3.7
1,736608,4657851,13,2,38,25.4,0.7,369,0,13.7
0,736558,4660801,13,2,NA,NA,NA,NA,NA,NA
1,737308,4657801,13,1,58,30.3,0.9,362,0,5.3
0,737008,4660551,13,1,NA,NA,NA,NA,NA,NA
0,737658,4656251,13,1,33,29.4,0.8,389,0,4.8
1,737558,4656801,13,3,80,16.8,0.8,378,0,10.4
1,737408,4660951,13,1,38,25.4,1.1,296,0,10.2
0,738008,4660301,13,1,40,25.4,1.2,300,0,10
0,738258,4659201,13,1,NA,NA,NA,NA,NA,NA
0,736908,4658251,13,1,35,25.2,1,298,0,7.1
0,737708,4660851,13,2,NA,NA,NA,NA,NA,NA
1,736958,4658001,13,2,60,25.7,0.6,263,0,7.9
1,737258,4657501,13,1,90,27.4,0.9,363,0,10.4
0,738458,4656651,13,3,NA,NA,NA,NA,NA,NA
0,736758,4658451,13,3,NA,NA,NA,NA,NA,NA
0,737458,4660951,13,1,NA,NA,NA,NA,NA,NA
0,735658,4661001,13,1,NA,NA,NA,NA,NA,NA
1,737358,4657251,13,3,59,14.4,0.59,338,0,6.6
1,736658,4657851,13,3,56,15.3,0.56,357,0,9.7
1,736908,4659251,13,2,44,29.7,0.6,357,0,7.8
0,738258,4659201,13,3,NA,NA,NA,NA,NA,NA
1,736408,4657851,13,3,22,20.5,0.6,396,0,4.7
1,737158,4657801,13,1,130,27.7,1.4,320,0,4.5
1,736958,4657901,13,1,60,27.5,1,425,0,2.8
0,738758,4658351,13,1,NA,NA,NA,NA,NA,NA
1,737208,4657901,13,2,41,25,0.8,367,0,6.2
1,736808,4658401,13,2,80,28.7,0.7,363,0,5.9
0,738308,4658101,13,3,NA,NA,NA,NA,NA,NA
1,738108,4657401,13,3,68,15.2,0.68,352,0,11.9
1,736908,4658201,13,1,62,26.6,0.8,307,0,13.8
0,737558,4657251,13,3,NA,NA,NA,NA,NA,NA
1,737358,4657401,13,3,60,20.1,0.6,265,0,7.7
0,737308,4656401,13,3,NA,NA,NA,NA,NA,NA
1,736858,4659401,13,2,50,23.9,0.7,372,0,9.5
0,735758,4659851,13,2,NA,NA,NA,NA,NA,NA
1,737208,4657701,13,3,70,17.1,0.7,388,0,10.4
0,738208,4657551,13,2,NA,NA,NA,NA,NA,NA
0,736658,4658651,13,2,NA,NA,NA,NA,NA,NA
0,737058,4660651,13,1,78,25,0.78,271,0,15.3
0,737558,4656951,13,3,NA,NA,NA,NA,NA,NA
0,735708,4659901,13,2,NA,NA,NA,NA,NA,NA
0,735808,4657901,13,1,94,25.3,1,366,0,3
0,737358,4657201,13,1,60,25,1.4,354,0,7.4
1,735408,4661151,13,3,28,17.1,1.2,398,0.09,6.4
0,735358,4661301,13,3,35,16.1,1,459,0,6.3
1,735458,4661351,13,3,33,18.9,0.8,463,0,7.7
0,733708,4662251,13,3,NA,NA,NA,NA,NA,NA
1,734808,4661301,13,2,62,24.5,1,411,0,6.2
1,734608,4661701,13,1,50,23.9,1.4,383,0.23,6.3
1,734608,4661851,13,1,50,23.9,14,383,0.22,6.9
1,734908,4660901,13,3,35,16.6,1.1,422,0,7.4
0,735058,4661001,13,3,NA,NA,NA,NA,NA,NA
0,734808,4662351,13,2,NA,NA,NA,NA,NA,NA
1,735058,4660501,13,2,30,25.3,0.7,305,0,6.7
1,734908,4661201,13,1,92,26.4,1.2,313,0,7.1
0,735058,4662351,13,3,NA,NA,NA,NA,NA,NA
0,735058,4662351,13,1,NA,NA,NA,NA,NA,NA
1,735058,4660951,13,1,71,26.6,1.3,460,0,5.2
1,734608,4661651,13,2,92,25.1,1.2,405,0,1.1
1,734858,4660551,13,2,52,27,0.8,409,0,7
0,735208,4660551,13,2,NA,NA,NA,NA,NA,NA
0,735008,4662601,13,2,NA,NA,NA,NA,NA,NA
0,735058,4660951,13,3,NA,NA,NA,NA,NA,NA
1,734808,4661301,13,1,110,26.8,1.1,451,0,5.8
1,734658,4661601,13,1,48,23.2,1.1,402,0,4.4
0,735008,4662501,13,1,NA,NA,NA,NA,NA,NA
0,734608,4661651,13,3,NA,NA,NA,NA,NA,NA
0,734808,4662301,13,2,NA,NA,NA,NA,NA,NA
0,734958,4661051,13,2,NA,NA,NA,NA,NA,NA
1,735208,4660351,13,1,66,27.5,0.7,442,0,9.8
1,735208,4660251,13,1,52,28.1,0.8,441,0,9.6
0,735058,4662351,13,1,NA,NA,NA,NA,NA,NA
1,734658,4662401,13,1,72,26.4,1.5,390,0,5.2
1,733458,4662501,13,3,41,17.5,0.7,408,0,9
0,732808,4663201,13,2,NA,NA,NA,NA,NA,NA
1,732608,4663601,13,3,59,20.4,0.7,402,0,12.2
1,733258,4662401,13,3,41,14.5,0.8,407,0,13.5
1,732758,4662651,13,2,32,25.8,0.6,375,0,7.6
1,733258,4662401,13,3,42,17.3,0.8,404,0,9.6
0,733458,4664201,13,3,NA,NA,NA,NA,NA,NA
1,733058,4662051,13,3,42,17.1,1,410,0,9.6
1,732758,4662401,13,2,42,25.5,0.9,382,0,14.3
0,733208,4663951,13,1,NA,NA,NA,NA,NA,NA
1,732958,4662151,13,1,39,23.3,0.9,485,0,8.2
1,732558,4662551,13,3,72,7.6,0.84,392,0,12.3
1,733258,4662001,13,3,64,11.1,1.2,296,0,10.3
1,733358,4662301,13,1,70,24.4,0.7,412,0,15
0,733158,4664051,13,2,NA,NA,NA,NA,NA,NA
1,732758,4662401,13,2,46,27,0.7,463,0,6.2
0,733258,4663351,13,3,NA,NA,NA,NA,NA,NA
1,733208,4662001,13,3,41,19.5,0.8,445,0,7.5
0,732708,4663451,13,3,NA,NA,NA,NA,NA,NA
1,733158,4662051,13,3,92,8.3,1.6,437,0,11.6
1,732508,4663851,13,2,20,16.7,0.5,334,0,6
1,732958,4662151,13,2,50,25.7,1.2,399,0,5.5
0,732708,4663101,13,3,NA,NA,NA,NA,NA,NA
1,732858,4662801,13,3,40,17.6,0.5,395,0,8.8
1,732808,4662351,13,3,40,18.6,0.5,430,0,9.8
1,732758,4662351,13,2,28,21.4,0.8,406,0,7.7
0,733008,4663251,13,2,NA,NA,NA,NA,NA,NA
1,732458,4664051,13,2,20,16.7,0.5,334,0,6
1,733108,4662601,13,2,62,23.6,0.7,460,0,5.6
0,732708,4662951,13,2,NA,NA,NA,NA,NA,NA
1,733058,4662051,13,2,90,24.2,1.1,462,0,6.8
0,732408,4662801,13,3,NA,NA,NA,NA,NA,NA
1,733008,4662101,13,1,52,24,1,370,0,7.1
0,733208,4663401,13,1,NA,NA,NA,NA,NA,NA
0,732808,4663651,13,1,NA,NA,NA,NA,NA,NA
1,732508,4662601,13,3,70,11.4,0.7,350,0,8.9
1,733858,4664951,13,3,40,18.5,0.5,408,0,8.4
0,733158,4666351,13,1,NA,NA,NA,NA,NA,NA
0,733508,4666501,13,1,NA,NA,NA,NA,NA,NA
1,729108,4669551,13,3,34,16,0.8,452,0,8.6
1,729108,4669551,13,3,70,6.6,0.7,420,0,10.4
1,729008,4669651,13,3,44,12.1,0.6,415,0,9.8
0,728908,4669651,13,3,NA,NA,NA,NA,NA,NA
0,728358,4670351,13,3,NA,NA,NA,NA,NA,NA
0,729258,4670401,13,1,70,26.4,1,416,0,7.5
0,729558,4670001,13,2,NA,NA,NA,NA,NA,NA
0,728158,4670651,13,1,NA,NA,NA,NA,NA,NA
0,729458,4670051,13,1,NA,NA,NA,NA,NA,NA
1,730008,4669901,13,3,58,21.6,0.98,394,0,6.2
1,729058,4670351,13,2,61,25.1,0.7,494,0,8.5
1,730058,4669501,13,2,44,26,0.8,473,0,11.5
0,730058,4669601,13,1,NA,NA,NA,NA,NA,NA
1,729308,4670101,13,2,58,26,0.9,467,0,7.4
1,729908,4669801,13,1,52,28.5,1,379,0,12.8
0,728358,4670801,13,1,NA,NA,NA,NA,NA,NA
0,729758,4670001,13,3,NA,NA,NA,NA,NA,NA
0,729208,4669951,13,1,NA,NA,NA,NA,NA,NA
0,728458,4670701,13,3,NA,NA,NA,NA,NA,NA
0,728408,4670301,13,3,NA,NA,NA,NA,NA,NA
0,728458,4670701,13,2,NA,NA,NA,NA,NA,NA
1,728458,4670651,13,3,38,12.5,1,421,0,9.9
1,729508,4670201,13,1,50,28.5,1,370,0,13.3
0,728658,4670101,13,3,NA,NA,NA,NA,NA,NA
0,728458,4670751,13,1,NA,NA,NA,NA,NA,NA
0,728208,4671051,13,1,NA,NA,NA,NA,NA,NA
1,729158,4670451,13,1,70,26.8,0.7,405,0,5.4
1,729808,4669851,13,1,57,28.9,0.7,370,0,9.1
0,729308,4670001,13,1,81,28.6,0.9,454,0,12
0,728508,4670701,13,1,NA,NA,NA,NA,NA,NA
0,729108,4670001,13,3,NA,NA,NA,NA,NA,NA
1,729158,4670451,13,1,48,24.6,0.8,483,0,9
0,729358,4670651,13,1,NA,NA,NA,NA,NA,NA
0,730208,4669601,13,1,NA,NA,NA,NA,NA,NA
0,728358,4670951,13,3,NA,NA,NA,NA,NA,NA
1,728408,4670751,13,1,80,28.4,0.8,435,0,10.1
0,729258,4670151,13,2,NA,NA,NA,NA,NA,NA
1,733808,4669201,13,3,21,8.4,0.9,352,0,10.3
1,733858,4669101,13,1,43,24.9,0.7,419,0,4.4
0,733158,4668651,13,1,NA,NA,NA,NA,NA,NA
1,734808,4667801,13,1,38,26.5,0.8,391,0.14,4.9
1,732808,4669051,13,1,40,30.8,0.6,365,0,6.6
1,734708,4668001,13,3,26,19,0.9,416,0,7.1
1,734708,4668101,13,1,40,27.2,1,458,0.05,7.2
0,734358,4667801,13,1,36,26.1,0.7,393,0,7.2
1,734208,4668651,13,1,58,25.3,0.7,404,0,5
0,733508,4669651,13,3,NA,NA,NA,NA,NA,NA
1,734058,4668701,13,3,20,16.7,0.5,413,0,5.5
1,734508,4668401,13,3,52,7.8,0.6,459,0,12.4
1,734558,4668251,13,3,52,7.8,0.6,459,0,12.2
1,733258,4668651,13,1,28,24.8,0.9,471,0,7.5
1,733858,4668901,13,1,32,27.8,0.7,469,0,7.5
0,734858,4667701,13,1,44,27.2,1,424,0.03,5.9
1,734708,4668101,13,3,40,11.2,1,399,0,9.7
1,734158,4668551,13,3,57,13.1,0.8,415,0,7.4
1,734158,4668501,13,3,43,10.7,0.8,534,0,7.7
0,734458,4667801,13,1,110,27.7,1.1,499,0,5.8
1,734558,4668301,13,1,80,26.5,0.8,483,0,6.9
1,733908,4668751,13,1,46,25.1,1.1,491,0,7.5
0,733808,4669251,13,1,NA,NA,NA,NA,NA,NA
1,734758,4667901,13,1,42,26.1,1.1,438,0,5.7
1,734408,4668501,13,2,46,28.9,1,385,0,5
1,727008,4671001,13,3,44,23.6,0.7,462,0,8.6
1,727308,4670101,13,2,30,22.5,0.6,473,0,3.3
0,726858,4671251,13,1,NA,NA,NA,NA,NA,NA
1,727408,4670051,13,2,40,25.9,0.6,406,0,8.6
0,727158,4670251,13,3,NA,NA,NA,NA,NA,NA
1,727358,4670051,13,3,70,12.2,0.7,407,0,9.6
0,726958,4670501,13,1,NA,NA,NA,NA,NA,NA
1,727408,4670051,13,3,90,13.9,1,414,0,7.5
0,725758,4670251,13,1,NA,NA,NA,NA,NA,NA
1,727658,4670051,13,1,83,26.5,1,437,0,7.7
1,727508,4670051,13,1,60,26.4,10,384,0,7.2
1,727908,4670401,13,2,46,19.9,0.9,413,0,9.9
0,726108,4670901,13,1,68,24.2,0.7,411,0,0.1
1,728058,4670051,13,1,59,25,0.8,371,0,4.4
1,727308,4670801,13,2,72,26.6,0.8,372,0,7.7
0,725758,4670251,13,1,NA,NA,NA,NA,NA,NA
1,726958,4670151,13,2,38,24.6,0.6,412,0,5.5
0,726108,4670951,13,3,NA,NA,NA,NA,NA,NA
0,727708,4670551,13,1,NA,NA,NA,NA,NA,NA
0,726908,4670551,13,3,NA,NA,NA,NA,NA,NA
0,727758,4670401,13,3,NA,NA,NA,NA,NA,NA
0,726458,4670851,13,3,NA,NA,NA,NA,NA,NA
1,727608,4670051,13,3,41,15.7,0.9,451,0,9
0,727158,4670201,13,3,NA,NA,NA,NA,NA,NA
1,727358,4670051,13,2,72,24.6,1.1,393,0,7.1
0,726658,4670751,13,1,NA,NA,NA,NA,NA,NA
1,726508,4670051,13,1,70,27,0.7,339,0,9.4
0,726408,4669801,13,2,NA,NA,NA,NA,NA,NA
1,726958,4670201,13,2,78,24.5,0.7,318,0,6.6
0,725758,4670301,13,3,NA,NA,NA,NA,NA,NA
1,728058,4670101,13,3,128,8.4,1.4,420,0,11.4
0,727208,4671101,13,1,NA,NA,NA,NA,NA,NA
1,726858,4671401,13,2,52,27.4,1,561,0,4.9
1,727808,4670051,13,1,72,26.9,1.2,406,0,10.8
1,727758,4670101,13,2,82,25.5,0.9,433,0,5.2
1,728008,4670051,13,1,38,27.5,0.7,421,0,8.9
0,726708,4670051,13,3,NA,NA,NA,NA,NA,NA
1,727558,4670051,13,3,60,12.2,0.6,409,0,9.6
0,725758,4670701,13,2,NA,NA,NA,NA,NA,NA
1,727358,4670751,13,1,60,27.3,0.8,402,0,6.3
1,725758,4672451,13,1,56,23,1.5,435,0,6.1
0,721258,4674351,13,3,NA,NA,NA,NA,NA,NA
0,721458,4674150,13,3,NA,NA,NA,NA,NA,NA
0,721258,4674351,13,1,NA,NA,NA,NA,NA,NA
1,720908,4674351,13,2,66,22.5,0.9,301,0,7.5
0,721108,4674150,13,2,NA,NA,NA,NA,NA,NA
0,720858,4674401,13,2,NA,NA,NA,NA,NA,NA
1,719808,4676351,13,3,40,19,0.7,360,0,6.7
0,719558,4676551,13,1,NA,NA,NA,NA,NA,NA
1,719258,4676751,13,1,32,23.1,1,429,0,5.8
0,719458,4676701,13,1,44,27,1,331,0.05,12.1
0,719308,4676751,13,1,NA,NA,NA,NA,NA,NA
1,719308,4676851,13,2,46,24.2,0.8,434,0,8.8
1,718908,4677101,13,2,23,19.1,0.9,392,0,6.6
0,718808,4677100,13,1,38,26.8,0.8,503,0,5.1
1,718958,4677050,13,1,38,26.9,0.7,503,0,5.1
0,719058,4676950,13,2,NA,NA,NA,NA,NA,NA
1,718508,4677201,13,2,29,24.3,0.8,416,0.09,9.7
1,716858,4677750,13,2,38,27.8,0.8,423,0,5.4
1,716758,4677851,13,2,28,19.2,0.9,408,0,6.7
1,719058,4677750,13,1,40,26,0.6,533,0,5.5
1,719058,4677751,13,1,33,22.7,0.7,397,0,6.6
1,715908,4679300,13,2,36,27.7,1,413,0,6.2
0,715508,4679801,13,3,NA,NA,NA,NA,NA,NA
0,716108,4679701,13,3,NA,NA,NA,NA,NA,NA
0,715358,4680351,13,1,NA,NA,NA,NA,NA,NA
1,715558,4679801,13,1,22,22.6,0.7,460,0,5.6
1,715758,4679701,13,1,54,26.3,1.2,420,0,9
1,716008,4679301,13,1,52,26.9,0.9,476,0,9.3
0,715908,4679501,13,2,NA,NA,NA,NA,NA,NA
1,733508,4648001,13,3,60,20.7,0.6,464,0,4.3
1,733808,4646401,13,3,50,21,0.5,450,0,5
0,733408,4647551,13,2,NA,NA,NA,NA,NA,NA
1,733758,4644701,13,2,110,26.5,0.7,268,0,6.4
1,733708,4645751,13,2,100,27.4,1,312,0,6.2
1,733558,4646801,13,2,110,26.9,1,355,0,3.1
1,733558,4647001,13,2,70,21.7,0.7,507,0,0.6
1,733708,4646151,13,2,70,23.9,1,378,0,3.9
1,733758,4645001,13,2,74,23.7,0.8,452,0,3.4
0,733858,4645251,13,2,120,23.7,0.9,452,0,4
0,733508,4647101,13,2,70,22.9,0.8,420,0,4.9
1,733708,4645851,13,3,26,18.5,0.6,402,0,8.4
1,733858,4645301,13,2,120,20.1,1.2,440,0,9.5
1,733408,4647751,13,3,60,18.5,0.6,475,0,6.3
0,733808,4648351,13,3,NA,NA,NA,NA,NA,NA
1,733708,4645901,13,3,60,16.4,0.6,352,0,8.6
1,733808,4645351,13,2,80,25.5,0.8,391,0,6.7
0,733708,4645801,13,3,58,15.2,0.8,429,0,5.2
0,733458,4647301,13,2,72,23.9,0.5,469,0,3.8
1,733758,4644851,13,2,110,26.6,1.2,408,0,4.6
0,733458,4647951,13,3,NA,NA,NA,NA,NA,NA
1,733658,4646651,13,3,140,12.3,0.7,264,0,5.4
1,733658,4646551,13,3,100,20.3,1,394,0,8.6
0,733558,4646951,13,2,125,21.5,0.7,351,0,2.5
1,733858,4645301,13,1,79,25.6,1.1,465,0.11,4.2
1,733658,4648201,13,1,62,27.7,0.85,422,0,5.9
1,733758,4644801,13,1,74,28,0.98,419,0,6.4
0,733458,4647301,13,1,50,25.6,0.7,373,0,6.9
0,733658,4646551,13,1,50,26.9,0.6,382,0,9.3
0,733858,4644251,13,2,60,26.8,0.6,392,0,9.2
1,733658,4646601,13,2,70,22.4,0.7,392,0,7.2
0,733658,4646751,13,2,80,26.8,0.8,390,0,10.6
0,733458,4647851,13,2,NA,NA,NA,NA,NA,NA
0,733758,4645401,13,2,60,26.9,0.6,451,0,10.3
0,733808,4644451,13,3,50,16.8,0.9,478,0,6
1,733658,4646551,13,3,80,16.7,0.8,507,0,3.9
1,733758,4645001,13,1,50,30.1,0.5,518,0,12
0,733858,4645301,13,1,70,24.5,0.7,407,0,10.5
0,733458,4647301,13,1,68,25.9,0.8,354,0,5.5
0,733908,4648401,13,1,NA,NA,NA,NA,NA,NA
0,733708,4646501,13,1,48,26.4,0.7,364,0,5
0,733708,4648201,13,3,70,18.6,0.7,487,0,3.2
1,733708,4645851,13,3,56,21.2,1,368,0,9.6
0,733708,4646101,13,3,56,15.2,0.7,427,0,5.2
1,733808,4646451,13,1,76,25.6,0.9,322,0,9.1
1,733758,4644801,13,1,40,26.8,1.1,362,0,6.6
0,733758,4644801,13,1,70,26.6,0.9,456,0.05,6.1
0,733758,4645601,13,1,104,27.9,0.7,444,0,9.6
0,733458,4647251,13,3,128,22.2,1.3,318,0,7.1
1,733658,4646601,13,2,80,24,0.8,449,0,6.1
1,733758,4645201,13,2,80,24.2,0.8,442,0,6
0,733758,4644551,13,2,70,20.6,0.7,441,0,6
1,733808,4645351,13,3,140,23.6,0.9,380,0,9.6
0,733708,4646301,13,1,125,26.5,1,377,0,6.7
0,733808,4645401,13,2,80,25.8,0.8,356,0,8.8
0,733758,4644651,13,1,42,26.5,1,376,0.07,6.4
1,733758,4644701,13,2,68,24.3,0.7,445,0,7.2
0,733758,4646501,13,2,64,24.3,0.7,442,0,7.4
0,733708,4648201,13,1,NA,NA,NA,NA,NA,NA
1,733508,4647051,13,1,38,24,0.8,498,0,8.2
1,733458,4647200,13,3,50,11.6,0.5,396,0,9.3
1,733658,4646600,13,3,50,11.9,0.5,390,0,9
1,733758,4645450,13,3,50,11.9,0.6,390,0,9
1,733758,4644700,13,3,70,12.1,0.7,425,0,7.3
1,733758,4645401,13,3,70,20.1,0.8,396,0,8.4
1,733758,4645151,13,3,60,21.5,0.7,387,0,6.5
0,733758,4644901,13,3,61,21.6,0.9,396,0,5.4
0,733808,4648351,13,3,NA,NA,NA,NA,NA,NA
0,733508,4648001,13,1,50,25.1,0.7,423,0,7.7
0,733658,4648101,13,1,NA,NA,NA,NA,NA,NA
0,733758,4646501,13,1,158,26,1.3,465,0.18,2.5
1,733758,4645501,13,3,20,20,0.6,410,0,7
1,736408,4643100,13,1,60,28.2,0.6,354,0,3.8
0,736408,4643050,13,1,70,28.4,0.7,350,0,3.6
1,736258,4642700,13,1,40,28.4,0.4,353,0,2.8
1,736208,4642600,13,1,50,28.3,0.5,355,0,2.8
1,736358,4643151,13,3,80,17.4,0.8,383,0,9
1,738358,4650401,13,3,45,18.9,0.7,391,0,10.6
1,738508,4649851,13,3,48,17.3,1.1,344,0.11,8.5
1,738608,4649751,13,3,48,17.3,0.7,345,0,8.5
0,737058,4643501,13,3,NA,NA,NA,NA,NA,NA
1,736108,4642501,13,3,80,19.2,0.8,373,0,1.2
0,736808,4642601,13,3,NA,NA,NA,NA,NA,NA
0,736308,4642901,13,3,110,21,1.1,338,0,2.7
0,738258,4647551,13,2,NA,NA,NA,NA,NA,NA
1,738458,4649951,13,3,28,17,1.1,363,0.06,5.9
1,736158,4642501,13,1,60,25,0.6,454,0,9
1,736858,4642601,13,1,65,25.2,0.8,451,0,9
1,736958,4643151,13,1,50,26.1,0.5,462,0,11
1,738508,4650201,13,2,58,28.5,1.1,342,0,8.9
0,736408,4643050,13,2,80,22.8,0.8,413,0.1,7.6
1,738408,4644700,13,2,70,21.3,0.7,411,0,0.7
0,737108,4643451,13,3,NA,NA,NA,NA,NA,NA
1,736408,4643101,13,3,100,21.6,1,325,0,4.8
0,738158,4650951,13,3,32,21.6,0.8,394,0.02,8.2
1,736358,4643201,13,1,39,25.5,1.3,329,0.04,4.9
1,738358,4650451,13,3,52,16.6,0.7,305,0.03,7.4
0,738608,4649701,13,2,NA,NA,NA,NA,NA,NA
1,736908,4642651,13,3,60,15.2,0.6,326,0,6.4
0,736658,4642551,13,2,NA,NA,NA,NA,NA,NA
0,738258,4650551,13,2,NA,NA,NA,NA,NA,NA
1,736458,4642501,13,1,82,31.1,0.82,418,0,6.1
0,736608,4642551,13,1,70,27.4,0.7,366,0,6.1
0,738608,4649701,13,1,90,26.5,0.9,464,0.09,5.4
0,738158,4650851,13,2,36,25.8,0.6,369,0.04,4.5
0,736958,4642651,13,2,NA,NA,NA,NA,NA,NA
1,738258,4650601,13,2,58,28.5,1,342,0,8.9
1,736608,4642551,13,3,80,16.2,0.8,409,0,6.3
0,737208,4643651,13,3,NA,NA,NA,NA,NA,NA
0,738158,4650851,13,1,30,25.5,0.8,506,0.11,5.8
0,738408,4650351,13,1,64,26.2,0.8,329,0.06,7.4
1,738258,4650651,13,1,44,23.6,0.8,451,0.15,7.3
1,738258,4650651,13,3,18,20.3,0.7,354,0.07,6
0,737108,4643451,13,1,NA,NA,NA,NA,NA,NA
0,736408,4643101,13,1,104,27.2,1,302,0,8.9
0,736658,4642551,13,2,NA,NA,NA,NA,NA,NA
0,736358,4643151,13,2,50,25.1,0.5,365,0,11.6
1,738458,4644501,13,1,70,28.8,0.7,404,0,12.5
0,738208,4650801,13,1,29,24,0.9,350,0.16,4.5
0,738608,4649701,13,1,28,24,0.8,358,0.19,5
1,736108,4642451,13,1,70,3.8,0.7,348,0,11.5
1,736708,4642601,13,1,60,29,0.6,449,0,8.8
1,736958,4642651,13,1,50,29,0.5,444,0,8.8
0,738308,4644101,13,1,54,23.9,0.7,392,0,6.1
0,736858,4642901,13,3,NA,NA,NA,NA,NA,NA
0,738358,4647851,13,1,NA,NA,NA,NA,NA,NA
0,738608,4649701,13,2,NA,NA,NA,NA,NA,NA
0,736508,4642551,13,1,50,23.7,5,406,0,11.5
0,736258,4650501,13,1,29,25.1,0.8,404,0.15,13.1
0,738258,4644051,13,1,54,27.1,0.6,398,0,6.5
0,738308,4647751,13,1,NA,NA,NA,NA,NA,NA
0,733308,4668251,13,1,NA,NA,NA,NA,NA,NA
1,733608,4668101,13,1,30,27.6,0.8,435,0.01,7.8
1,733708,4668301,13,2,52,26,0.6,438,0.09,8.3
1,729508,4669451,13,3,48,16.2,1.6,395,0.11,6.4
0,729808,4669351,13,2,NA,NA,NA,NA,NA,NA
1,726008,4671451,13,1,70,25.6,1,428,0,4.7
1,726108,4672001,13,1,143,26.4,1.5,426,0,5.1
1,726108,4671001,13,3,90,14.1,0.9,417,0,6.1
0,726058,4671151,13,2,NA,NA,NA,NA,NA,NA
1,539629,4934658,04,3,30,21.6,0.7,312,0,6.2
1,539679,4934608,04,2,64,21.9,1,641,0,10.6
1,539929,4934558,04,1,44,24.8,0.6,600,0,7.3
1,541479,4934758,04,3,32,16,0.8,458,0.02,8.8
1,541279,4934808,04,2,42,25.6,0.8,507,0.01,6.8
1,540529,4934558,04,2,40,25.8,1,437,0.01,7
1,540929,4934758,04,3,46,12.4,0.9,540,0,8.5
1,541729,4934708,04,3,48,11.2,1,499,0.01,10.2
1,540729,4934708,04,1,69,26,2.7,499,0.21,6.1
1,541229,4934758,04,2,31,21.8,1.8,512,0,9.8
1,541379,4934908,04,1,41,25.4,0.45,541,0,8.2
1,540679,4934658,04,2,37,26.4,1,515,0.02,5.9
1,541029,4934758,04,2,51,22.3,1,609,0.01,13.2
1,541029,4934858,04,2,30,26.8,0.53,499,0.02,7.1
0,533329,4939008,04,3,NA,NA,NA,NA,NA,NA
0,534129,4938608,04,1,57,27.1,1.2,534,0.02,NA
1,538779,4934908,04,3,43,19.4,0.75,440,0.19,14
0,538929,4934858,04,1,58,27.3,1.7,397,0.02,5.4
1,538879,4934908,04,3,38,24.1,1.4,525,0.06,7.3
1,539179,4935008,04,2,34,29.6,0.5,575,0.02,7.1
1,543629,4934108,04,3,42,21.4,1.1,510,0,7.8
1,543729,4934008,04,1,71,25.8,1.9,501,0.19,6.2
0,543379,4934158,04,3,NA,NA,NA,NA,NA,NA
0,543729,4934008,04,2,NA,NA,NA,NA,NA,NA
0,544529,4934208,04,2,NA,NA,NA,NA,NA,NA
0,545079,4933608,04,2,28,21.9,0.41,490,0.02,6.4
1,545329,4933508,04,3,39,18.5,0.5,370,0.07,9.1
1,544979,4934058,04,1,25,27.2,0.5,604,0.01,4.7
1,544229,4934158,04,1,20,27.7,0.4,562,0,11.6
1,579680,4914758,04,3,15,17.2,0.7,422,0.04,NA
1,581230,4914708,04,2,105,25.3,1.2,339,0.02,8.4
1,579429,4916158,04,2,105,24.5,1.4,318,0.72,8.4
0,578779,4917058,04,2,NA,NA,NA,NA,NA,NA
1,578779,4916108,04,2,121,23,1.6,430,0.18,8
1,578729,4915858,04,2,77,21.8,0.77,253,0.07,4
0,578629,4916908,04,2,NA,NA,NA,NA,NA,NA
1,579129,4915958,04,1,95,21.8,1.36,407,0.28,7.2
1,578729,4916458,04,1,61,21.2,1.15,293,0.32,6.9
0,578529,4916658,04,1,86,22.1,0.98,283,0.01,7.2
0,579329,4917108,04,1,75,21,0.8,238,0.01,6.2
0,579779,4917608,04,1,NA,NA,NA,NA,NA,NA
0,579529,4916658,04,1,79,22.6,1.05,293,0.12,7.8
1,578579,4915958,04,3,28,10.1,1,198,0,5.7
0,580630,4916508,04,3,NA,NA,NA,NA,NA,NA
1,580330,4914958,04,3,55,10.8,0.55,206,0,9.6
0,579129,4917408,04,3,NA,NA,NA,NA,NA,NA
1,578979,4917358,04,3,118,18.5,1.5,247,0.01,4.8
1,578179,4916708,04,2,97,21.8,1.5,399,0.02,3.8
0,580080,4915608,04,2,NA,NA,NA,NA,NA,NA
1,580330,4916758,04,2,110,21.7,1.1,367,0.01,7.8
0,582380,4914858,04,3,108,13.6,2.4,163,0.29,7.3
1,578679,4916658,04,3,92,8.9,1.8,250,0.17,10.5
1,581230,4914708,04,1,76,22.5,0.76,454,0.14,9.1
1,578479,4916808,04,1,89,27.2,0.89,318,0,4.9
1,577729,4916358,04,1,76,29,1.2,313,0,8
1,578379,4916858,04,3,119,18.3,1.4,317,0,3.8
0,581130,4914608,04,2,NA,NA,NA,NA,NA,NA
0,578079,4915608,04,3,NA,NA,NA,NA,NA,NA
0,580480,4917008,04,1,120,22.6,1,214,0.16,4.9
1,581430,4914258,04,1,50,23,0.7,273,0.14,7.7
1,578629,4915558,04,1,80,26.3,0.8,377,0.1,NA
1,581130,4916558,04,1,95,25.5,0.95,324,0.09,NA
0,582280,4914358,04,1,NA,NA,NA,NA,NA,NA
1,582380,4914708,04,2,70,23.4,2.5,168,0.24,2.3
1,578529,4916558,04,3,87,16.4,0.87,381,0.07,12.3
1,578779,4915758,04,2,118,24.9,1.3,320,0.01,7.4
0,579729,4917558,04,3,NA,NA,NA,NA,NA,NA
1,581230,4914608,04,3,105,14.2,1.05,362,0,7.7
1,581780,4914008,04,3,108,14.3,1.08,359,0,7.2
0,580280,4914608,04,3,NA,NA,NA,NA,NA,NA
1,580530,4914858,04,3,50,17.1,0.5,338,0,8.6
1,578429,4915908,04,3,64,14.7,0.64,372,0.02,5.7
1,582180,4915308,04,2,115,21.8,1.15,249,0.01,12.4
1,581080,4914158,04,2,71,19.9,1.3,163,0.57,8.1
0,579730,4914658,04,2,67,20.1,1.26,162,0.02,7
0,580280,4914758,04,2,NA,NA,NA,NA,NA,NA
0,581180,4914708,04,2,91,21.3,1.19,308,0.13,8.2
1,582380,4914808,04,3,175,19.6,2,221,0.08,3.4
1,580630,4914408,04,3,52,20.3,0.52,335,0.11,7.5
1,580680,4914408,04,3,52,20.3,0.52,335,0.05,7.5
1,579379,4916208,04,2,124,20.4,1.24,432,NA,7.8
1,581230,4914508,04,3,86,19.5,0.86,407,0.09,7.9
1,582330,4914958,04,3,175,18.5,2,284,0.42,5.2
1,580980,4914108,04,2,120,19.3,1.2,370,0.3,8.2
1,580080,4915208,04,2,104,21.9,1.04,326,0.02,7.6
1,578929,4916458,04,1,129,26.6,1,350,0.01,3.7
1,580079,4916808,04,1,88,25,0.88,412,0.06,7.6
1,579880,4915258,04,1,50,24.7,0.5,447,0.02,8.9
0,582580,4914558,04,3,180,14.2,2,402,0.02,7.7
0,579429,4915658,04,1,NA,NA,NA,NA,NA,NA
1,579079,4916658,04,1,103,22.3,1.03,389,0.03,6.9
1,581680,4913908,04,2,102,23.8,1.2,339,0.19,9.9
1,580329,4916958,04,3,135,22,1.35,282,0.02,5.9
0,579880,4915308,04,3,NA,NA,NA,NA,NA,NA
1,578929,4916558,04,1,106,24.4,1.8,309,0.14,5.3
0,580130,4915208,04,1,112,25.2,1.12,403,0.02,6.1
1,578579,4915358,04,3,77,11.3,2,179,0.1,10.2
0,578379,4915758,04,3,NA,NA,NA,NA,NA,NA
0,581280,4916408,04,1,137,26,1.5,222,0.15,NA
1,579179,4916108,04,1,95,25.6,0.95,425,0.03,4.7
0,577879,4916208,04,1,121,25.6,1.35,404,0.16,5.9
1,578879,4916408,04,1,87,20.5,0.9,258,0.31,7.4
1,578379,4916408,04,1,78,21.2,0.8,282,0.25,7.7
0,578679,4916758,04,1,NA,NA,NA,NA,NA,NA
1,579479,4916708,04,3,76,9.1,0.76,255,0.11,10.4
0,579480,4915458,04,3,NA,NA,NA,NA,NA,NA
0,582280,4914408,04,2,NA,NA,NA,NA,NA,NA
1,582480,4914608,04,2,175,19.2,1.9,319,0.03,10.2
0,581880,4914858,04,2,139,20.1,1.5,372,0.08,10.8
1,579179,4916008,04,2,65,20.6,0.65,256,0.06,8.6
0,579879,4917758,04,2,NA,NA,NA,NA,NA,NA
1,579079,4916908,04,2,100,19.9,1,254,0.04,7
1,579229,4916458,04,2,142,18,1.42,257,0.02,4
1,578929,4917008,04,3,81,12.5,0.81,246,0,5.3
1,579329,4917008,04,3,150,13,1.5,261,0,5.7
1,580180,4916058,04,3,93,17,0.93,343,0.08,8
0,577879,4916158,04,2,NA,NA,NA,NA,NA,NA
0,578329,4916608,04,2,94,21.6,1,321,0.03,0.2
0,578579,4916408,04,1,63,24.7,0.63,235,0.08,5.4
1,579229,4916508,04,1,65,25.9,0.65,308,0.06,8.4
0,578879,4916358,04,3,NA,NA,NA,NA,NA,NA
0,582530,4914608,04,3,150,10.4,1.6,352,0.02,10.9
0,580280,4915658,04,2,NA,NA,NA,NA,NA,NA
1,579179,4915908,04,2,70,21.6,0.7,359,0.18,8.2
1,578529,4916508,04,2,78,20.6,0.78,209,0.04,3.1
0,582530,4914608,04,2,NA,NA,NA,NA,NA,NA
1,582280,4915158,04,3,113,11.9,2.1,209,0.02,10.6
0,579879,4917508,04,3,NA,NA,NA,NA,NA,NA
1,578329,4916858,04,3,131,19.4,1.45,273,0,4.6
0,582030,4915558,04,3,NA,NA,NA,NA,NA,NA
1,580480,4916608,04,3,106,15.9,1.06,288,0.03,5.4
0,579580,4914708,04,2,NA,NA,NA,NA,NA,NA
1,578629,4916258,04,2,155,22.7,1.55,371,0.01,1.3
0,579479,4916858,04,2,NA,NA,NA,NA,NA,NA
1,578979,4916558,04,2,160,22.7,1.6,374,0.02,1.1
1,581330,4914208,04,3,64,16.7,0.64,395,0,8.7
0,582330,4915008,04,3,NA,NA,NA,NA,NA,NA
0,580280,4914958,04,3,81,7.9,0.81,292,0.14,11
0,579980,4915358,04,3,85,8,0.85,199,0.07,10.8
0,580230,4915858,04,1,87,26,0.87,432,0.05,13.3
1,579479,4916158,04,2,77,24.3,1.2,352,0.04,8.3
0,580430,4916858,04,2,NA,NA,NA,NA,NA,NA
1,578879,4916358,04,2,190,24.3,1.9,353,0.01,3.1
1,579479,4916658,04,3,150,21.6,1.5,235,0.04,3
1,578229,4916158,04,2,59,22.8,0.59,275,0.03,6.8
1,579179,4915908,04,2,68,24.1,1,358,0.02,7
0,578679,4916758,04,3,NA,NA,NA,NA,NA,NA
1,578729,4916058,04,2,65,21.7,0.65,220,0.01,2.4
1,579079,4916758,04,2,68,22,0.68,143,0.1,3.1
1,578179,4915808,04,3,65,12.9,0.65,376,0.05,10.4
1,578829,4917008,04,3,42,12.5,0.42,268,0.01,7.3
0,578979,4917308,04,3,NA,NA,NA,NA,NA,NA
1,582230,4915258,04,3,67,13.7,2.1,296,0.04,6.9
0,581230,4914708,04,1,85,22.6,0.85,284,0.09,8.6
1,572279,4918358,04,2,44,21.5,0.44,455,0.03,9.3
0,572179,4918858,04,3,NA,NA,NA,NA,NA,NA
1,571579,4918608,04,3,41,18.3,0.6,253,0,7.3
1,572229,4918708,04,3,67,9.9,1,127,0,3.6
0,571129,4918758,04,1,120,24.3,1.6,439,0.1,5.9
0,572029,4918608,04,1,140,23.6,1.45,479,0.04,4.5
1,572329,4918308,04,1,128,26.6,1.8,555,0.05,NA
0,571129,4918808,04,1,NA,NA,NA,NA,NA,NA
1,571279,4918508,04,1,59,26.8,0.72,419,0,3.6
1,571629,4918608,04,1,50,24.9,1.1,295,0,4.5
0,571079,4918758,04,1,100,26.3,1,550,0.12,NA
1,572179,4918358,04,1,113,23.2,1.13,280,0.07,NA
1,575379,4916258,04,3,109,20.1,1.5,569,0.1,6.3
1,575279,4916408,04,3,133,20.1,1.33,568,0.02,6.4
0,576529,4915008,04,1,NA,NA,NA,NA,NA,NA
0,576279,4915258,04,2,NA,NA,NA,NA,NA,NA
0,578179,4914308,04,3,NA,NA,NA,NA,NA,NA
1,579480,4913908,04,1,126,26.5,1.26,522,0.21,9.6
0,579030,4914058,04,1,NA,NA,NA,NA,NA,NA
1,579480,4913958,04,1,100,25.4,1,511,0,9.8
1,581030,4912308,04,3,105,16.2,1.05,449,0.01,1.6
1,579180,4912908,04,2,118,24.9,1.5,446,0.24,7.5
1,579280,4912308,04,3,68,16,0.68,373,0.02,9.6
0,580130,4913258,04,1,74,23.9,0.74,563,0.05,8.2
0,581030,4912758,04,3,121,12.8,1.21,373,0.03,5
0,580230,4913158,04,1,170,24.5,1.9,414,0,1.7
0,580530,4911808,04,1,NA,NA,NA,NA,NA,NA
1,581080,4911458,04,1,86,22.3,0.86,392,0,0.7
1,579230,4912658,04,2,136,22.8,1.36,461,0.05,5.9
0,580480,4911708,04,1,NA,NA,NA,NA,NA,NA
1,580330,4913108,04,3,148,11.5,1.48,306,0.02,11.3
0,580280,4912158,04,2,150,22.7,1.5,386,0,1.5
0,580580,4911958,04,2,NA,NA,NA,NA,NA,NA
0,580880,4911958,04,2,131,21,1.31,508,0.02,2.8
0,580480,4911558,04,2,NA,NA,NA,NA,NA,NA
0,581030,4912758,04,2,105,24.7,1.5,471,0.05,5.1
1,581080,4911808,04,2,150,25,1.6,366,0.03,7.3
1,580580,4912208,04,1,170,25.3,1.7,576,0.15,10.9
0,580680,4911658,04,1,NA,NA,NA,NA,NA,NA
1,580680,4912108,04,1,99,25.1,0.99,505,0.01,4.7
1,580880,4912458,04,3,50,13.6,0.5,498,0,6.8
0,581080,4911458,04,2,NA,NA,NA,NA,NA,NA
1,580880,4912708,04,2,95,22.8,1.06,456,0.01,2.3
1,580180,4913158,04,3,63,14.9,0.63,401,0.03,9
1,579030,4913108,04,1,128,26.4,1.28,420,0,12.5
0,580530,4911308,04,3,NA,NA,NA,NA,NA,NA
1,580230,4912208,04,3,64,14.8,0.64,475,0,10.1
0,580480,4911958,04,1,NA,NA,NA,NA,NA,NA
1,580230,4912058,04,1,101,26,1.2,558,0.17,11.5
0,580230,4913158,04,3,132,17.5,1.58,404,0.01,5.2
1,581080,4911108,04,3,92,8.1,0.92,453,NA,10.1
1,580830,4911758,04,2,91,19.5,0.91,417,0,1.9
0,580230,4911208,04,2,NA,NA,NA,NA,NA,NA
1,581180,4911108,04,2,110,17.8,1.1,387,0,5.1
0,579730,4913108,04,2,NA,NA,NA,NA,NA,NA
1,580280,4912308,04,1,72,24.8,0.98,511,0.03,6.1
0,580480,4913108,04,1,131,28.5,1.6,560,0.02,16.4
0,580480,4911408,04,1,NA,NA,NA,NA,NA,NA
0,579280,4912258,04,1,77,27.3,0.77,549,0.05,15.7
0,580530,4912208,04,1,NA,NA,NA,NA,NA,NA
1,579080,4913208,04,1,77,23.9,0.77,441,0,5.1
0,580580,4912358,04,2,70,22.1,0.7,471,0.09,6.9
0,581030,4912758,04,2,107,21.9,1.5,531,0,7.6
0,580430,4911908,04,3,NA,NA,NA,NA,NA,NA
1,580230,4912058,04,3,123,15.5,1.23,549,0,6.8
1,580180,4913058,04,1,99,26.1,1.14,470,0.2,7.8
0,581180,4911008,04,2,NA,NA,NA,NA,NA,NA
1,580580,4912158,04,2,85,22.5,0.85,425,0.2,3.2
1,540579,4936858,04,2,54,20.7,2,464,0.02,14.1
1,539579,4936908,04,3,54,12.9,0.54,340,0,10
1,539679,4936658,04,3,43,9.5,0.5,455,0,15.7
0,539729,4936608,04,2,NA,NA,NA,NA,NA,NA
1,540129,4936708,04,3,20,24.2,0.46,345,0.04,11.2
1,536929,4935758,04,1,51,24.8,1.6,287,0.02,6
1,536979,4935758,04,1,23,28.1,0.45,507,0.06,12.8
1,541429,4935458,04,3,23,11.9,0.38,363,0,NA
1,541379,4935408,04,2,26,22.4,0.45,561,0,7.5
0,541579,4935408,04,2,NA,NA,NA,NA,NA,NA
1,541579,4935408,04,2,21,22.1,0.9,434,0.01,6.4
1,542629,4936358,04,1,30,27.6,0.5,342,0,9.9
1,541829,4936258,04,1,23,28.9,0.5,363,0,10.8
0,542229,4936308,04,3,NA,NA,NA,NA,NA,NA
0,542779,4936208,04,1,73,24.7,1.3,539,0.02,6.2
0,542029,4936108,04,1,77,24.1,1.5,542,0.09,4.2
1,542879,4935908,04,3,42,7.6,0.42,495,0,9.5
1,542779,4936308,04,3,52,18.9,0.54,419,0,7.1
1,542029,4935858,04,3,35,21.1,0.7,491,0.01,8.9
1,542679,4935858,04,3,52,21,1.2,528,0.05,8.1
0,542779,4936158,04,1,79,23.4,1.9,573,0.03,5.3
0,542979,4935958,04,3,NA,NA,NA,NA,NA,NA
1,542329,4936108,04,2,43,25.9,0.8,436,0.01,8.8
0,543179,4935358,04,1,50,25.1,0.09,590,0.18,7.9
0,542629,4936358,04,1,NA,NA,NA,NA,NA,NA
0,542179,4935958,04,3,NA,NA,NA,NA,NA,NA
1,542879,4936358,04,2,33,23.4,0.55,400,0,8.4
0,542079,4936257,04,2,NA,NA,NA,NA,NA,NA
0,542479,4935258,04,3,NA,NA,NA,NA,NA,NA
0,542879,4935858,04,3,NA,NA,NA,NA,NA,NA
1,541129,4935858,04,2,30,26.4,0.53,489,0.07,10
1,540629,4935658,04,2,75,27.7,0.75,491,0.04,10
1,540429,4935308,04,3,10,8.9,0.5,490,0.02,10.5
0,539529,4935758,04,2,NA,NA,NA,NA,NA,NA
1,541029,4935758,04,2,45,22.7,0.5,527,0.09,7.2
0,539879,4935308,04,1,68,23.7,1.7,596,0.01,5.7
1,541329,4936058,04,1,53,25.3,2.1,286,0.27,5.7
1,539429,4935758,04,3,34,22.3,1,534,0,8.3
1,539629,4935758,04,3,50,16.6,2,553,0.05,7.7
0,541129,4936157,04,3,25,9.8,0.5,415,NA,12.6
1,541079,4936158,04,3,32,23.8,0.45,368,0.03,8.4
1,541079,4936158,04,2,27,25.3,0.5,514,0.02,10.4
0,541779,4936858,04,2,NA,NA,NA,NA,NA,NA
1,541279,4936908,04,1,54,25.4,2,297,0.08,7.8
0,538029,4936158,04,3,95,13,1.6,329,0.16,10.1
1,530979,4939408,04,1,52,21.7,1.6,687,0.02,8
1,530929,4939508,04,1,16,27.5,0.5,461,0.03,3.1
0,530929,4939557,04,3,NA,NA,NA,NA,NA,NA
0,577379,4917008,04,2,NA,NA,NA,NA,NA,NA
1,576929,4915508,04,1,103,24.8,2,383,0,6
1,578029,4915408,04,3,101,12.8,1.01,282,0,7
1,578129,4915258,04,3,77,18.7,1.12,368,0.02,6.4
1,578480,4913958,04,3,85,17.5,0.85,318,0.06,9.5
1,581730,4912758,04,1,84,24.6,0.84,579,0.15,4.4
1,582030,4912558,04,2,89,20.6,0.89,542,0.19,9
0,581980,4912658,04,2,NA,NA,NA,NA,NA,NA
1,581880,4912558,04,2,95,24.5,1.4,347,0.15,8.4
1,582180,4912258,04,2,100,23.7,1.5,438,0.27,5.5
1,581930,4912608,04,1,55,25.8,0.55,450,0.15,6.8
1,582380,4912508,04,1,88,27.8,0.88,549,0.23,NA
1,582680,4912108,04,1,91,24.8,1.6,423,0.49,8.1
1,582630,4912008,04,2,70,22.4,0.7,461,0.33,7.9
1,582830,4911858,04,1,106,25.3,1.06,464,0.49,6.5
0,582880,4911658,04,1,86,23.1,0.86,475,0.41,8.3
1,582930,4911758,04,3,82,12.6,0.82,350,0.12,9
1,582780,4911908,04,1,127,24.5,1.27,595,0.28,7.1
1,585580,4909208,04,3,50,11.6,0.5,241,0,11.7
1,585580,4909208,04,3,42,13.1,0.42,349,0,5.4
0,583380,4910208,04,1,NA,NA,NA,NA,NA,NA
1,583630,4910108,04,1,88,22.4,0.88,546,0,7
1,583980,4908658,04,1,99,27.6,1.9,424,0.01,12.5
1,583580,4909158,04,3,110,8.7,1.1,422,0,10.8
1,583730,4909008,04,1,79,24.2,1,457,0.02,13.3
1,584230,4909658,04,1,50,22.5,2.2,376,0.35,6.1
1,583730,4909008,04,2,118,24.2,1.4,465,0,4.3
1,583380,4910108,04,1,125,26.3,1.25,551,0.05,NA
1,583930,4909708,04,1,140,26.6,1.7,553,0.05,NA
1,584380,4908358,04,2,100,24.5,1,454,0.04,6.3
1,583630,4910108,04,2,89,24.6,1.24,459,0.04,5.7
1,584230,4909658,04,1,102,24.6,2,479,0.52,6.9
1,583380,4909658,04,1,111,24,1.11,522,0.09,NA
1,584580,4908358,04,2,124,22,1.24,383,0.02,9.4
1,583580,4909658,04,3,48,13.9,0.48,559,0.02,11.2
1,583580,4909108,04,2,90,23.5,1.47,426,0,3.7
0,584730,4909058,04,3,NA,NA,NA,NA,NA,NA
0,583380,4910358,04,2,NA,NA,NA,NA,NA,NA
1,583380,4909958,04,1,92,22.8,0.92,324,0.04,6.6
0,584680,4909258,04,2,NA,NA,NA,NA,NA,NA
1,585030,4908408,04,2,160,25.4,1.8,459,0.02,7.2
0,582969,4912636,04,1,125,24.4,1.5,453,0.67,7.8
1,582930,4912758,04,1,67,24.4,0.67,420,0.03,5.9
0,582780,4912858,04,2,NA,NA,NA,NA,NA,NA
0,582873,4912757,04,3,141,16.5,1.6,390,0.22,9.2
1,582930,4913258,04,3,103,15.3,1.1,391,0.17,9.2
1,584080,4912058,04,2,131,22.5,1.61,348,0.02,5.6
1,584130,4912058,04,3,92,13.3,0.92,198,NA,7.4
1,584480,4911758,04,1,138,25.9,1.5,387,0,8.5
1,584580,4911558,04,3,73,12.2,0.73,239,0.01,9.1
1,584630,4911558,04,2,97,20.7,0.97,214,0.2,7.5
0,585130,4911208,04,3,NA,NA,NA,NA,NA,NA
0,585680,4910458,04,3,NA,NA,NA,NA,NA,NA
0,585230,4910708,04,3,NA,NA,NA,NA,NA,NA
0,585480,4910308,04,3,NA,NA,NA,NA,NA,NA
0,585230,4910708,04,3,NA,NA,NA,NA,NA,NA
0,585630,4910008,04,3,NA,NA,NA,NA,NA,NA
0,585280,4910708,04,2,NA,NA,NA,NA,NA,NA
0,585630,4910558,04,2,NA,NA,NA,NA,NA,NA
1,584580,4910408,04,3,45,16.4,1.5,416,0.22,7.6
0,584314,4910754,04,1,106,24.7,1.7,414,0.34,8.1
0,584314,4910754,04,2,112,26,1.2,396,0.08,7
0,584314,4910754,04,3,130,12.5,1.3,267,0.26,9.4
1,584399,4910629,04,1,96,26.6,1.7,400,0.13,10.5
1,584330,4910758,04,1,84,24,0.87,508,0.08,7
1,584080,4911608,04,3,90,15.9,0.9,382,0.02,NA
0,583830,4911658,04,2,NA,NA,NA,NA,NA,NA
1,583930,4911408,04,2,111,23.4,1.11,327,0,4.8
0,583880,4911608,04,2,NA,NA,NA,NA,NA,NA
1,583980,4911458,04,3,90,13.2,0.92,297,NA,8.6
0,583780,4911658,04,1,NA,NA,NA,NA,NA,NA
1,583430,4912258,04,1,52,23.1,0.6,284,0.1,7.2
1,583580,4912258,04,1,97,20,0.6,294,0.76,7
1,583730,4912008,04,3,61,16.5,0.61,365,0.24,7.2
1,583530,4912358,04,1,99,25.7,1.8,456,0.31,8.3
1,583830,4912108,04,2,60,23.8,0.6,292,0.35,6.1
1,583380,4912258,04,1,86,25.2,0.86,387,0.02,6.6
1,583530,4912108,04,2,117,23.5,1.4,269,0.07,7.9
0,583880,4912008,04,2,NA,NA,NA,NA,NA,NA
0,583430,4912208,04,3,NA,NA,NA,NA,NA,NA
0,583530,4912058,04,1,NA,NA,NA,NA,NA,NA
1,583480,4912308,04,1,85,24.8,0.85,424,0.11,7.5
1,583580,4912558,04,1,108,27,1.08,401,0.04,8.3
1,583930,4912208,04,3,61,12.1,1.8,180,0.14,8
1,584080,4912308,04,2,141,23.8,2,347,0.01,7.2
1,584080,4912208,04,3,62,16.8,1.5,241,0.14,5.9
1,583630,4912908,04,2,79,19.2,0.79,118,0.03,4.6
1,583880,4912408,04,2,141,21.2,1.6,194,0.29,4.9
1,584180,4912308,04,3,43,12.5,1.5,147,NA,6.1
1,584230,4912308,04,3,118,16.6,1.5,361,0.01,6.6
1,584280,4912158,04,2,110,22.1,1.4,293,0.01,7.5
0,584030,4912358,04,2,95,24,1.45,275,0.07,6.5
1,584130,4912208,04,3,56,12.5,1.2,203,0.05,10.1
1,583880,4912408,04,1,132,26.4,1.32,457,0.02,10.4
1,584330,4912058,04,1,79,25.9,0.79,244,0.03,6.5
1,584280,4912108,04,3,60,7.2,0.6,168,0.12,9.3
1,584330,4912158,04,1,87,23.7,1.5,255,0.04,8.8
1,582430,4914258,04,3,57,15.8,0.57,327,0,14.9
1,581030,4913908,04,3,50,17.3,0.5,424,0,NA
0,581427,4913646,04,2,103,20,1.5,318,0.31,8.7
1,581330,4913908,04,1,106,25,1.2,419,0.05,6.4
1,581830,4913608,04,2,63,27.2,0.63,396,0.04,8
1,581330,4913808,04,2,116,24.2,1.16,377,0.01,1.6
1,581680,4913558,04,3,86,17.7,0.9,361,0.08,10
1,580880,4913858,04,3,80,18.9,0.8,407,0.08,7.2
0,581330,4913808,04,1,96,26.6,1,464,0.02,11.8
1,581030,4913958,04,3,72,23,0.72,304,0.06,8.3
0,581930,4913508,04,3,NA,NA,NA,NA,NA,NA
1,581080,4913708,04,1,102,25.4,0.69,441,0.02,9.5
1,580830,4913858,04,1,50,25.5,0.5,413,0.01,5.9
0,580980,4913908,04,1,NA,NA,NA,NA,NA,NA
1,581230,4913908,04,2,102,22.6,0.9,337,0.01,4.6
1,581630,4913658,04,2,70,20.7,0.7,309,0.11,8.3
0,581427,4913646,04,3,73,13.1,1.2,431,0.34,8.7
1,582330,4913758,04,2,65,25.9,0.71,302,0.03,6.1
1,582530,4913458,04,2,70,23.5,1.2,220,0.19,6.5
0,582580,4913808,04,1,95,26.7,1,477,0.03,10.1
0,582530,4913708,04,1,83,22.3,0.83,289,0.41,8.1
1,582480,4913958,04,3,50,11.7,0.5,309,NA,NA
0,582080,4913908,04,1,106,22.1,1.39,300,0.03,6.5
0,581930,4913458,04,1,NA,NA,NA,NA,NA,NA
1,584330,4911308,04,1,86,25.3,0.86,423,0.07,6.9
1,584430,4911258,04,1,100,23.9,1,246,0.01,6.8
1,584580,4911108,04,2,120,22.9,1.2,262,0.03,6.5
1,584580,4911158,04,3,129,12,1.29,234,0,6.7
0,584630,4911258,04,3,62,7.6,1.2,179,0.78,10.2
1,584330,4911258,04,2,101,24.1,1.01,306,0.01,8.7
0,584180,4912608,04,2,NA,NA,NA,NA,NA,NA
0,584230,4912558,04,3,NA,NA,NA,NA,NA,NA
0,584830,4911608,04,2,NA,NA,NA,NA,NA,NA
0,584980,4911858,04,3,NA,NA,NA,NA,NA,NA
0,584680,4911708,04,1,NA,NA,NA,NA,NA,NA
0,584330,4912258,04,3,NA,NA,NA,NA,NA,NA
0,584380,4912358,04,1,NA,NA,NA,NA,NA,NA
0,584330,4912408,04,1,NA,NA,NA,NA,NA,NA
0,584980,4911508,04,1,NA,NA,NA,NA,NA,NA
0,584980,4911158,04,3,NA,NA,NA,NA,NA,NA
1,585280,4910408,04,3,99,15.1,0.99,284,0.01,7.3
1,585230,4910458,04,2,100,26,1.37,374,0.03,8
1,577879,4917058,04,2,94,20.8,0.94,347,NA,6.3
1,577779,4916608,04,2,110,23.3,2,308,0.06,4.4
0,577529,4916708,04,2,NA,NA,NA,NA,NA,NA
0,585080,4909558,04,3,120,12.7,1.45,282,0.19,9.6
1,582730,4913808,04,3,55,12.2,0.55,214,0.01,10.3
1,582730,4913858,04,1,106,21.3,0.6,478,0.19,8.3
1,582680,4913908,04,2,135,23.4,1.35,330,0.01,5.2
1,639355,4832262,08,3,88,18.8,1,373,0.05,2.8
0,639355,4832312,08,3,145,21.8,1.55,443,0,3.1
1,639355,4832262,08,1,45,22.3,0.8,453,0.07,5.7
1,639355,4835512,08,1,90,28.6,1.4,349,0.45,6.1
0,639305,4835612,08,2,NA,NA,0.2,NA,NA,NA
0,639305,4835412,08,1,48,25.1,2,475,0.8,6.8
1,639405,4836062,08,1,95,26.3,1.2,464,0.31,12.1
1,643355,4837112,08,2,150,24.6,1.5,389,0.07,5.2
1,642705,4837162,08,3,90,12.7,1,388,0,11.4
1,643305,4837312,08,2,165,25.6,2,423,0.04,8.2
1,643205,4835612,08,1,2,24.8,2,345,0.13,6.7
0,642905,4837512,08,3,NA,NA,0.2,NA,NA,NA
1,643355,4837512,08,1,195,25.7,2,401,0,4.2
1,642705,4837062,08,2,122,23.1,1.2,421,0,5.1
1,643105,4835312,08,2,160,23.3,1.6,424,0,6.2
1,643205,4837312,08,1,160,23.5,2,413,0,8.4
1,643205,4835462,08,2,200,24.3,2,375,0.1,7
1,643255,4836212,08,2,130,22.6,1.3,443,0,7.9
1,643305,4835912,08,1,118,28.9,1.8,430,0.08,9.7
1,643255,4835762,08,3,200,15.3,2,404,0,11.5
0,642705,4837062,08,1,100,30.9,1,344,0,6.9
1,643205,4837262,08,1,120,26.2,1.4,391,0,8.5
1,643255,4835712,08,3,180,19.3,1.8,345,0,8.4
1,642705,4837112,08,1,140,24.3,1.4,434,0,6.8
1,643355,4836512,08,1,155,23.9,1.6,443,0.08,6
1,643255,4837312,08,3,140,18.4,2,392,0,5.1
1,643355,4836561,08,3,90,19.2,0.9,421,0,9.3
1,642705,4837212,08,1,100,24.5,1,425,0,10.8
1,643255,4835662,08,1,215,24.2,1.5,435,0.2,7.1
1,643355,4837162,08,3,130,19.3,1.3,366,0,7.4
1,642955,4835212,08,3,170,22.9,0.7,399,0,9.6
1,643405,4836762,08,3,100,17.6,1,348,0,10.7
1,643355,4836462,08,1,155,25.1,1.6,427,0,9.7
1,643255,4835662,08,2,200,21.8,2,371,0,11.7
1,643355,4836512,08,3,100,21.5,1,391,0,7.6
1,643205,4837312,08,2,95,23.9,2,308,0,6.4
1,643355,4836612,08,1,100,24.8,1,314,0.12,5.2
1,643355,4836412,08,3,80,16.8,0.8,387,0,7.4
0,642705,4837112,08,2,NA,NA,0.2,NA,NA,NA
1,639955,4837762,08,2,75,24.6,1.5,481,0.16,9.6
1,639855,4837962,08,3,65,16.1,0.7,426,0,7.4
1,640005,4838112,08,3,110,20.1,2,400,0,7.2
1,639855,4838162,08,2,55,26,0.6,403,0,13.5
1,640305,4838312,08,2,70,23.1,0.7,342,0.17,13.3
1,640155,4838412,08,2,86,22.2,0.9,405,0.4,8.2
1,639955,4838612,08,2,80,21.8,0.8,452,0,14
0,639955,4838962,08,1,NA,NA,0.2,NA,NA,NA
1,640205,4838562,08,2,95,23.9,0.95,454,0.34,11
1,640455,4839012,08,1,45,26.3,1,401,0.2,9.4
1,639905,4839362,08,2,65,21.4,1,371,0,10.6
1,640955,4839412,08,3,75,21.2,0.85,434,0,6.8
1,640155,4839412,08,1,69,23.1,0.7,524,0.05,8.8
1,640655,4839762,08,1,45,27.1,1,394,0.37,10.7
1,640655,4839512,08,3,143,16.3,1.6,349,0.06,6.2
1,640555,4839662,08,1,100,28.4,1,467,0,9.5
1,640805,4839812,08,1,84,27,1.2,553,0.34,8
1,639955,4840362,08,1,95,22.9,1.75,476,0.22,5.6
1,639855,4840362,08,1,55,22.4,1.3,437,0.12,10.8
0,640755,4840462,08,3,NA,NA,0.2,NA,NA,NA
1,640555,4840212,08,3,105,19.7,1,421,0,9
0,640855,4839912,08,1,95,25.1,1.2,364,0.05,9.3
0,643355,4840562,08,1,85,26.6,1,379,0.27,8.9
0,643155,4840712,08,2,NA,NA,0.2,NA,NA,NA
1,642705,4840412,08,3,83,16.4,1.3,415,0.08,11.7
1,642705,4840312,08,2,55,25.3,1,375,0.14,11.8
1,641505,4840862,08,1,75,27.1,1.5,364,0.35,9.9
1,640255,4840512,08,3,110,20,1.1,382,0.11,8.4
1,643055,4840762,08,2,75,23.8,1,334,0.05,6.7
1,642905,4840612,08,1,65,23,1,352,0.11,7.5
1,642955,4840562,08,1,80,20.2,1,482,0.52,7.9
1,642905,4840762,08,2,53,27,1,396,0.1,8.5
0,640655,4840812,08,1,63,23.5,1,474,0.42,6.7
0,640655,4840762,08,1,NA,NA,0.2,NA,NA,NA
0,640105,4841012,08,2,NA,NA,0.2,NA,NA,NA
1,641105,4841012,08,1,65,29.2,0.9,335,0.12,6.3
1,641355,4840762,08,1,85,25,1.2,492,0.57,6.4
0,641255,4840912,08,1,105,22.7,1,454,0.42,8
1,642655,4840762,08,3,150,11.7,1.5,365,0.18,10
1,641905,4840912,08,1,100,24.8,1,415,0,5.1
1,641805,4840712,08,3,80,13.2,0.8,360,0.23,10.4
1,642355,4841262,08,2,60,25.9,1.5,368,0,12
0,642405,4840862,08,3,NA,NA,0.2,NA,NA,NA
0,642205,4840862,08,3,NA,NA,0.2,NA,NA,NA
1,641805,4840812,08,1,60,22.3,1,515,0.42,8.8
1,641805,4840712,08,2,68,26.5,1.4,397,0.31,8.9
1,642005,4840812,08,1,120,23.4,1.3,380,0,9.1
1,640755,4841212,08,3,105,18.7,1.05,432,0.1,9.6
1,640705,4841312,08,3,60,11.9,0.8,368,0,10.3
0,642705,4841362,08,1,85,23.9,0.9,444,0.24,8.9
0,641905,4841412,08,3,NA,NA,0.2,NA,NA,NA
1,640905,4841462,08,3,60,17.4,1.6,376,0.11,11
1,641055,4841312,08,2,65,24.3,1,341,0.13,9
1,641505,4841062,08,1,65,23.9,1.2,392,0.14,9.3
0,641255,4841462,08,1,NA,NA,0.2,NA,NA,NA
0,641405,4841112,08,1,115,27.2,1.3,455,0.13,12
1,643205,4840912,08,3,62,22.2,1.3,473,0.08,9
1,643105,4841062,08,2,70,24.2,0.8,432,0.4,5.8
1,642955,4841062,08,1,80,26,1.5,436,0.42,9
1,640405,4841712,08,3,105,15.7,1.5,346,0.09,8.6
1,640355,4841512,08,3,45,15.8,1.2,375,0,7.5
0,642255,4841612,08,1,100,24.8,1,410,0.1,6.4
1,642455,4841512,08,2,90,24.6,2,367,0.07,7.5
1,642455,4841462,08,3,115,20.3,1.2,378,0.11,6.6
1,641355,4841612,08,3,80,21.7,0.8,349,0.28,8.2
1,640455,4841862,08,1,95,25.5,1.7,370,0.26,7.3
1,640555,4841712,08,2,75,23.8,2,470,0.37,8.6
1,640405,4841962,08,3,128,18.3,1.5,429,0.17,8.5
1,640505,4841662,08,3,125,12,1.3,369,0.2,9.9
1,640455,4841762,08,1,100,25.4,1,535,0,4.3
1,640505,4841662,08,2,63,28,1,407,0.17,13.2
0,641155,4842162,08,3,NA,NA,0.2,NA,NA,NA
0,644255,4842012,08,2,NA,NA,0.2,NA,NA,NA
1,643305,4841612,08,3,80,15.3,1.3,398,0.07,8.2
0,643505,4840962,08,3,NA,NA,0.2,NA,NA,NA
0,643505,4841562,08,3,NA,NA,0.2,NA,NA,NA
1,643505,4841512,08,1,50,22.3,0.7,499,0,8.6
1,644155,4841512,08,3,97,20.1,1.4,364,0.12,4.8
1,643355,4841612,08,3,50,18.2,1,426,0.06,6.2
1,643155,4841212,08,1,80,25.5,1,438,0.39,6.8
1,643955,4840962,08,3,70,18.1,1.1,426,0,4.7
1,642455,4841612,08,1,75,29.3,2.4,335,0.28,6.3
1,641805,4842362,08,1,95,22,1,487,0,9.5
1,642105,4842262,08,3,100,11.6,1,365,0,10
1,642155,4842012,08,1,80,24.9,0.8,469,0.07,8.3
1,642205,4841862,08,3,68,18.8,0.68,423,0,9
1,642305,4841762,08,3,92,21,1,386,0.51,7
1,641805,4842312,08,2,75,28,1,433,0.24,6
1,643655,4842362,08,2,85,30.2,1.3,426,0,9.1
1,641405,4842161,08,2,60,25.4,1.2,424,0,14.8
1,641405,4842362,08,3,77,22,1,349,0,7.2
0,641355,4842612,08,2,NA,NA,0,NA,NA,NA
1,641405,4842312,08,2,75,27,1.5,385,0,7.2
0,641455,4842512,08,2,NA,NA,0.2,NA,NA,NA
0,640905,4842262,08,2,NA,NA,0.2,NA,NA,NA
0,641105,4841912,08,3,NA,NA,0.2,NA,NA,NA
0,640805,4842462,08,1,NA,NA,0.2,NA,NA,NA
1,641055,4841862,08,2,65,23.9,1.1,339,0.12,9.1
0,640705,4842062,08,3,NA,NA,0.2,NA,NA,NA
0,640705,4842262,08,3,NA,NA,0.2,NA,NA,NA
0,640755,4842262,08,2,NA,NA,0.2,NA,NA,NA
0,640905,4842411,08,3,NA,NA,0.2,NA,NA,NA
0,640905,4842261,08,2,NA,NA,0.2,NA,NA,NA
0,640755,4842012,08,3,NA,NA,0.1,NA,NA,NA
1,641955,4842661,08,2,65,23.2,1,438,0.23,11.6
1,641155,4843012,08,2,90,22.3,2,231,0.19,6
1,641605,4843162,08,1,115,26.9,1.1,444,0,3.7
0,641555,4843212,08,2,NA,NA,0.2,NA,NA,NA
0,643305,4842612,08,3,NA,NA,0.2,NA,NA,NA
1,642605,4841662,08,3,95,22.3,1.2,340,0.18,8.6
1,642755,4842162,08,1,130,24,1.3,332,0,7.4
1,643105,4842062,08,1,129,19.1,1.3,455,0,5.5
0,643055,4842012,08,2,NA,NA,0.2,NA,NA,NA
1,643305,4841912,08,2,75,20.8,1.2,364,0,5
0,643005,4841762,08,1,NA,NA,0.2,NA,NA,NA
1,643255,4841912,08,3,75,15.7,1,399,0,8.6
0,643305,4842662,08,1,NA,NA,0.2,NA,NA,NA
1,642855,4841912,08,1,130,23,1.3,434,0,10
0,643355,4842561,08,2,NA,NA,0.2,NA,NA,NA
0,642955,4841862,08,2,NA,NA,0.2,NA,NA,NA
0,643405,4842462,08,1,NA,NA,0.2,NA,NA,NA
0,643305,4841962,08,1,120,25.2,1.2,253,0,10.6
0,643305,4842611,08,2,NA,NA,0.2,NA,NA,NA
1,642955,4841862,08,3,90,13.6,0.9,398,0,7.3
0,643105,4842312,08,3,NA,NA,0.2,NA,NA,NA
1,641005,4843562,08,2,85,26.5,2,339,0.52,6.5
1,642055,4843762,08,2,85,25,1.1,418,0.8,8.7
0,644505,4843362,08,2,NA,NA,0,NA,NA,NA
1,641755,4843712,08,3,70,13.8,0.7,432,0.03,8.2
0,641155,4843912,08,1,105,25.4,2,486,0.05,7.1
1,641455,4843812,08,1,65,24.2,1.4,434,0.51,8.2
0,641505,4843861,08,3,NA,NA,0.2,NA,NA,NA
1,641505,4843862,08,3,35,15,1.3,355,0,6.6
1,641355,4843912,08,3,155,12.6,1.5,357,0.23,9.5
0,641455,4844211,08,2,NA,NA,0.2,NA,NA,NA
1,641655,4844212,08,2,105,26.9,2,370,0,1.8
1,643705,4844262,08,3,110,19.2,1.3,384,0.02,4.6
1,643655,4843812,08,1,55,25.7,1.2,374,0.05,6.7
1,643855,4845011,08,3,75,22.2,1,421,0,6.3
1,643405,4844662,08,2,92,23.4,0.92,438,0.26,6.7
0,643405,4844712,08,3,NA,NA,0.2,NA,NA,NA
1,643455,4845062,08,2,65,24,1.3,376,0.04,6.6
1,642155,4844912,08,1,77,25.1,1,362,0.31,8.7
1,641255,4845061,08,1,80,25.6,1,390,0,5
1,641105,4845312,08,3,75,20.9,1,423,0.35,7.2
1,641105,4844912,08,1,87,23.6,1,520,0.16,9
1,643855,4845462,08,1,75,26.8,0.9,366,0.4,8.2
1,643055,4845312,08,1,59,21.5,0.7,369,0.01,10.9
1,643405,4845262,08,2,160,26.8,1.6,425,0.08,2.4
1,643405,4845262,08,2,82,27.4,1,466,0.1,9.3
1,642355,4845162,08,1,50,25,0.5,458,0.14,9.9
1,642305,4844812,08,3,95,19.8,0.9,389,0.16,7.9
1,642905,4845712,08,2,80,24.4,1,375,0.2,7.8
1,642005,4845412,08,3,70,14.3,0.85,497,0,8.7
1,642055,4845411,08,1,75,25.7,1.3,375,0.04,6
1,642155,4845712,08,2,50,25.3,1,357,0.12,12
1,641055,4845712,08,1,42,24.3,1,359,0.17,6.7
1,641305,4845512,08,1,70,26.4,1,411,0,7
1,641505,4845862,08,3,70,14.3,1,397,0.1,8.9
1,641305,4845612,08,2,70,25.6,1.2,465,0.06,6.2
0,639055,4842612,08,3,NA,NA,0.2,NA,NA,NA
1,639305,4842062,08,3,90,9.2,0.9,428,NA,11.4
1,639355,4841562,08,1,47,22.7,1,499,0.03,6.2
0,639405,4842062,08,3,NA,NA,0.2,NA,NA,NA
1,639305,4841912,08,3,65,12.4,1,378,0,10.6
1,639505,4841762,08,1,75,25.8,2.5,467,0.65,8.1
1,639055,4842662,08,2,95,17.7,1,393,0,9.2
1,639905,4843812,08,3,140,13.3,1.4,376,0,8.5
0,640105,4843862,08,1,NA,NA,0.2,NA,NA,NA
1,639855,4844162,08,1,120,26.4,1.2,282,0,9.8
1,639305,4842462,08,3,140,14.6,1.5,403,0,5.9
1,639355,4842062,08,3,100,16.3,1,387,0,10.6
1,639905,4843612,08,3,50,15,1.3,420,0,7.1
1,639955,4843412,08,2,80,23,1.5,380,0,4.8
1,639405,4842362,08,3,85,18.1,1,460,0,8.1
1,639005,4842512,08,3,60,15.4,0.6,456,0,5.5
0,639905,4843712,08,1,165,24.2,1.65,468,0,6.3
1,639805,4842812,08,2,110,19.7,1.1,384,0,6.2
1,639855,4843711,08,3,90,12.9,0.9,381,0,10
1,639655,4842462,08,2,90,24.2,0.9,349,0,13
0,639905,4843612,08,2,NA,NA,0.2,NA,NA,NA
1,642105,4844462,08,1,130,26.2,2,498,0.52,5.9
1,641955,4844862,08,1,61,22,1,504,0.22,7.7
1,643305,4846062,08,2,68,24.4,1.5,404,0.35,9.7
1,643755,4845462,08,2,80,26.1,0.8,368,0.05,4.2
0,643555,4845362,08,3,83,13,1,345,0.07,8
0,644005,4845112,08,1,130,25.9,1.3,423,0.1,6.1
1,642305,4846362,08,2,105,24.1,1.7,483,0.4,7.7
1,641505,4846112,08,2,75,26.4,1,364,0.17,11.3
0,641655,4846462,08,3,NA,NA,0.2,NA,NA,NA
0,641355,4846112,08,1,90,26.2,0.9,492,0,7.7
1,641555,4846362,08,1,90,27.1,1.2,432,0,6
1,641655,4846162,08,3,90,13.2,1,373,0,7.4
1,642855,4846361,08,1,70,28,1,444,0.05,7.4
0,642855,4846362,08,2,NA,NA,0.2,NA,NA,NA
1,641455,4846562,08,2,90,24.5,1,433,0.08,7
1,641955,4846662,08,3,90,23.2,0.9,419,0.24,9.8
1,641905,4846662,08,2,71,23.9,0.9,406,0.1,10
1,642955,4846562,08,1,87,22.9,0.9,325,0.03,7.6
0,643555,4846962,08,3,NA,NA,0.2,NA,NA,NA
0,643305,4847112,08,2,NA,NA,0.2,NA,NA,NA
0,641805,4847462,08,2,NA,NA,0.2,NA,NA,NA
1,642355,4847062,08,1,85,24.7,1.4,426,0,8.4
1,642255,4847162,08,3,115,15,1.6,385,0,7.8
1,642455,4847762,08,2,58,27.2,1,410,0.26,10.8
1,642805,4847762,08,1,83,25,1.2,414,0.08,6.7
0,642355,4848262,08,1,NA,NA,0.2,NA,NA,NA
0,642205,4848062,08,3,NA,NA,0.2,NA,NA,NA
1,642355,4847912,08,3,80,14.8,0.8,410,0,9
0,642355,4847861,08,3,NA,NA,0.2,NA,NA,NA
1,639455,4848962,08,2,80,25,1.5,369,0.11,5.6
1,640605,4847412,08,2,76,25.9,1.5,418,0,7.2
0,640605,4848162,08,3,NA,NA,0.2,NA,NA,NA
1,639605,4849312,08,3,40,17.3,1,377,0,16.9
1,639555,4849462,08,3,100,16,1,384,0.11,10.2
1,640605,4847962,08,2,160,25.8,1.6,356,0.05,3.4
1,639505,4848962,08,2,110,25.8,1.1,387,0,4.9
1,640855,4847962,08,2,75,22.5,0.9,386,0,2.8
1,639405,4848912,08,2,50,28.9,1,426,0,15.5
1,639455,4848912,08,1,80,26.2,1.4,319,0.09,7.2
1,639655,4849212,08,1,80,23.9,1.2,457,0.14,7.4
1,639655,4849062,08,1,65,20.8,1.8,362,0.18,7.1
1,640605,4847862,08,1,70,24.4,1.3,452,0.13,7.1
1,640855,4847912,08,3,75,14.3,1.2,449,0,6.2
1,640755,4847962,08,1,85,22.6,1,340,0,6.9
1,639605,4849162,08,1,90,26.5,1.5,542,0.16,7.7
1,640455,4849962,08,3,140,13.9,2,362,0,8.4
1,640455,4849912,08,1,105,25.9,2,460,0,7.6
1,639405,4849812,08,2,93,22.3,1,357,0,8.3
0,639105,4849511,08,1,80,25.9,1.2,410,0.06,6.1
1,639255,4849862,08,2,67,21.5,1.3,345,0,6.3
1,639305,4849812,08,2,65,25.3,1,338,0,15.6
1,639205,4849862,08,2,125,18.9,1.2,451,0,9.1
1,639205,4850112,08,1,85,23.1,1.1,421,0,5.6
1,639705,4852762,08,3,55,13,2,433,0,12.6
1,639705,4851962,08,1,110,26.6,2,521,0,7.1
1,639705,4853112,08,2,50,25.4,2,422,0,6.4
1,639705,4852362,08,1,87,30.4,3,549,0,9.7
1,639505,4852812,08,2,65,20.6,2,430,0,5.3
1,639705,4851712,08,2,160,24.1,1.6,349,0,6.6
0,638555,4854712,08,2,NA,NA,0.2,NA,NA,NA
1,639555,4854562,08,3,70,15.2,0.8,381,0,2.8
1,639205,4854962,08,3,80,13.5,1,447,0,8
1,638955,4856512,08,1,115,27.3,1.2,353,0.09,7.9
1,639005,4856512,08,2,125,26.9,1.4,339,0,6.7
0,638605,4856362,08,1,NA,NA,0.2,NA,NA,NA
0,638605,4856362,08,2,NA,NA,0.2,NA,NA,NA
1,638655,4856562,08,3,65,17.3,0.7,243,0.1,9.2
0,638605,4856412,08,1,NA,NA,0.2,NA,NA,NA
1,638505,4857012,08,1,65,23.8,1.3,227,0,7.3
1,636555,4857212,08,2,70,24.1,1.6,451,0,11.9
1,636455,4857212,08,2,75,23.2,1,455,0,9.9
1,636355,4857312,08,1,75,26.5,1.2,396,0,9.5
1,636405,4857262,08,2,100,24.3,1.2,362,0,8.3
1,637155,4857362,08,3,65,10.3,1.5,382,0,11.5
1,637155,4857412,08,1,85,25.9,2,422,0,9.9
1,637055,4857812,08,3,71,18.1,1.2,282,0,7.1
1,635905,4858112,08,2,150,24.8,1.5,371,0,6.8
1,638405,4857112,08,1,65,23.2,1.2,182,0.06,5.9
1,638005,4857612,08,2,100,23.4,1,167,0,5.8
0,638005,4857912,08,1,NA,NA,0.2,NA,NA,NA
1,637755,4857712,08,2,68,23,0.7,322,0,7.6
1,637905,4857662,08,2,92,23.6,1,399,0.12,9.7
1,637555,4857712,08,1,2,27.1,1.5,442,0,6.3
1,637905,4857312,08,3,60,6.6,0.6,363,0,10.1
1,637805,4857712,08,2,118,21.2,1.2,333,0.08,8.3
1,638305,4857062,08,3,80,20.6,0.8,346,0,6.5
1,638705,4858112,08,2,135,15.3,2,294,0,7.8
1,638755,4857912,08,3,125,13.4,2,274,0,7.6
1,638705,4858062,08,2,123,19.7,2,309,0,7.5
1,638955,4856962,08,3,120,20.8,1.2,345,0,5.6
1,638855,4857412,08,2,52,26.1,0.6,321,0,9.9
1,638905,4857512,08,3,84,17.1,1,354,0.03,11.6
1,638705,4857862,08,3,70,17.2,0.7,348,0,10.7
1,638905,4856762,08,2,100,18.5,1,348,0,6.2
1,638955,4857212,08,2,100,20.4,1,317,0,7.7
1,638755,4857862,08,1,110,26,1.1,313,0,7
1,638905,4856762,08,1,100,26.6,1.3,331,0,6.2
0,638605,4857112,08,2,NA,NA,0.2,NA,NA,NA
1,640605,4835862,08,2,60,23.5,1.3,348,0.05,11
0,641255,4835612,08,2,NA,NA,0.2,NA,NA,NA
0,641205,4835562,08,3,NA,NA,0.2,NA,NA,NA
1,640905,4835762,08,3,80,12,1.2,400,0.07,12.8
1,641005,4835762,08,3,82,21.4,1,468,0.13,9.6
0,641155,4834912,08,1,65,23.5,0.9,409,0.11,6.4
1,641155,4834662,08,1,40,22.9,1.55,453,0.15,5.8
1,641005,4835762,08,1,39,22.8,1.7,453,0.11,5.4
0,641105,4835062,08,2,NA,NA,0.2,NA,NA,NA
1,640805,4835762,08,2,65,24.1,1.2,504,0.35,9.6
1,640805,4835761,08,1,50,24,1.2,415,0.31,6.7
1,641105,4835712,08,1,65,26,0.8,463,0.16,10.5
0,640755,4835662,08,1,NA,NA,0.2,NA,NA,NA
0,641105,4835162,08,1,NA,NA,0.2,NA,NA,NA
1,641255,4835712,08,1,120,25.6,1.8,497,0.06,9.5
0,641205,4835562,08,3,NA,NA,0.2,NA,NA,NA
1,640805,4835762,08,3,73,15.1,0.9,446,0.05,11.1
0,641055,4835112,08,1,100,23.3,1,445,0,6.8
1,640755,4835761,08,1,50,22.8,1,386,0.03,9.1
1,640855,4835761,08,1,60,22.5,1,390,0.5,10.1
1,641055,4834961,08,2,100,24.4,1,398,0,12.9
0,641055,4835162,08,3,NA,NA,0.2,NA,NA,NA
1,640705,4835762,08,3,80,21.2,1,442,0.06,8.6
0,641155,4835512,08,3,70,13.7,0.7,494,0,11.4
0,641255,4835612,08,1,NA,NA,0.2,NA,NA,NA
0,641105,4835012,08,1,NA,NA,0.2,NA,NA,NA
1,640805,4835762,08,1,85,24.8,1,455,0.16,9.7
1,639355,4836762,08,2,52,24.3,0.8,417,0.1,10.9
1,642055,4827512,08,2,76,23.6,1.5,438,0.12,9.8
0,642105,4827462,08,2,76,23.6,1.5,438,0.12,9.8
1,642555,4826012,08,1,70,23.3,1,403,0.11,5.9
0,642055,4827512,08,1,60,23.1,1,411,0.19,5.5
1,642455,4827012,08,2,80,25.4,1.5,401,0.32,7
0,642505,4826712,08,2,80,25.4,1.5,401,0.32,7
1,642505,4826562,08,3,85,23.7,1.4,444,0.14,7.8
0,642505,4826362,08,1,87,29.3,1.4,356,0.17,6.6
0,642505,4826262,08,1,87,29.4,1.4,355,0.2,6.8
0,642205,4827312,08,1,93,24.2,1.2,434,0.2,7.5
0,642555,4826062,08,1,80,25.4,1,466,0.06,7.2
0,642405,4827062,08,2,87,27.2,2,413,0,8.1
1,642355,4827162,08,3,100,20,1,386,0,7.4
1,642055,4827511,08,3,105,19.2,1,429,0,10.3
0,642155,4827362,08,2,105,24,2,367,0.17,7
1,642505,4826212,08,2,105,25.7,1,311,0,7.3
1,642205,4827312,08,1,75,24.7,0.8,548,0,5.8
1,641905,4827662,08,2,65,21.4,2,408,0.35,8.4
1,643405,4829562,08,2,85,22.8,1.5,345,0.13,10.1
1,643355,4828562,08,2,145,26.8,2,357,0,8.6
1,643155,4827862,08,3,115,20.7,2,398,0.37,7
1,643155,4827862,08,2,135,20.6,1.8,369,0.12,8.7
0,643355,4828462,08,2,200,24.5,2,340,0,7.7
1,643455,4829112,08,2,120,24.9,1.4,312,0,6
1,643205,4827962,08,2,120,25,2,309,0.12,6.3
1,643455,4828912,08,3,100,16.6,1,351,0,10.2
0,643205,4827962,08,1,75,23.7,2,448,0.18,7.8
1,643505,4829362,08,2,90,21.5,2,380,0.44,8.1
1,643405,4830062,08,3,75,20,1,356,0.12,6.9
0,643405,4829662,08,3,NA,NA,0.2,NA,NA,NA
0,643405,4828762,08,2,200,26.8,2,362,0,9.7
1,640455,4829062,08,2,100,26,1,488,0,5.5
0,641005,4828412,08,2,60,23.1,1.5,438,0.13,8.1
1,639555,4830062,08,2,75,25.2,0.9,397,0.09,6.1
1,640655,4829012,08,2,120,27.5,1.5,398,0.13,10.5
1,641005,4828362,08,3,110,20.2,1.5,470,0.44,7
0,641155,4828162,08,2,37,22.3,1.5,420,0.19,6.7
1,640705,4828912,08,2,42,22.3,1.3,427,0.05,7.3
1,640905,4828562,08,3,80,23.4,1.4,443,0.27,6.6
1,640655,4829012,08,3,35,19.3,0.8,372,0.06,5.5
1,639555,4829962,08,3,110,22.8,1.1,451,0,8.3
1,639605,4830262,08,3,87,16,2,449,0.12,11.9
1,641105,4828262,08,3,77,11.4,1.8,405,0.05,12.7
1,640905,4828562,08,3,93,17.1,1,479,0.19,6.2
1,639605,4830412,08,2,65,21.2,2,408,0.36,7.8
0,641005,4828512,08,1,85,25.7,1.4,467,0.36,8.1
1,641055,4828312,08,3,115,19.6,1.8,384,0.03,7.1
0,641005,4828462,08,2,105,24.3,1.4,368,0.19,8.5
1,639555,4829911,08,3,80,18.7,1,434,0.03,8
1,640255,4829112,08,2,84,20.3,1,392,0.18,7.3
1,641255,4827962,08,1,60,23.8,1,413,0.24,6.3
1,641555,4827912,08,2,9,23.1,1.5,400,0,4.8
1,639555,4830012,08,1,90,24,1,478,0.02,7.6
1,639555,4831062,08,2,55,22.7,1.9,350,0.09,10.7
1,639555,4831162,08,2,65,24.4,1.2,369,0.13,5.2
1,639555,4831062,08,2,65,24.4,1.5,369,0.13,5.2
1,641255,4834612,08,1,75,23.8,0.9,411,0.11,7
1,641605,4834412,08,2,90,23.6,1,379,0.33,6.7
1,641205,4835262,08,2,60,24.1,0.6,503,0.31,9.7
1,641105,4834462,08,1,65,25,1,525,0.21,10.1
1,641555,4834312,08,1,40,23.9,1,501,0.2,7.3
1,641155,4835062,08,1,100,23.2,1,432,0.12,6.8
0,641205,4835212,08,3,NA,NA,0.2,NA,NA,NA
1,641655,4834312,08,3,88,19.3,1.4,393,0.26,9.6
0,641605,4834361,08,2,75,23.5,1,444,0.23,12.6
0,641255,4835412,08,1,100,24.8,1,412,0.01,5.7
1,641805,4834112,08,1,120,25.7,1.5,409,0.26,6.6
1,641755,4834212,08,2,85,23.4,1.8,375,0.33,6.4
0,641205,4835212,08,2,NA,NA,0.2,NA,NA,NA
1,643655,4839812,08,2,87,24.7,1.3,401,0.27,4.9
1,640605,4836462,08,2,125,26.1,1.3,336,0,12
1,640955,4836362,08,3,95,12.1,1.1,394,0,11.1
1,643705,4839962,08,3,85,16.1,2,276,0.45,6.6
1,643555,4839562,08,3,105,20.7,1.5,460,0.11,4.7
1,643405,4838212,08,3,82,21.3,1.4,421,0,9.2
1,643755,4840112,08,3,145,20.9,2,387,0.11,5.8
0,642555,4837012,08,2,120,24,1.2,456,0,9.7
0,641055,4839912,08,2,NA,NA,0.2,NA,NA,NA
1,643505,4839062,08,2,100,20.8,1.4,336,0.11,3.6
1,642555,4837012,08,2,110,23.8,1.6,423,0.23,6.3
1,641155,4839362,08,2,80,20.7,1,361,0.06,5.6
1,642505,4836912,08,1,170,24.4,1.7,358,0,7.5
1,643605,4839662,08,2,150,21.9,1.5,438,0,1.2
1,643505,4839362,08,1,118,23.3,2.05,356,0.17,4.2
1,643355,4839062,08,1,105,23.5,1.3,357,0,4.4
1,643455,4838462,08,1,79,26.9,1.4,449,0.09,8.6
1,640705,4836462,08,3,40,14.3,1.3,387,0.09,6.5
1,643605,4839612,08,1,110,30.5,1.5,348,0.3,6.3
0,642555,4837062,08,1,120,31.2,1.3,346,0,5.7
1,641005,4839262,08,2,35,23.4,1.2,422,0.07,7.8
1,643455,4838612,08,1,80,25.4,0.8,409,0,11.8
1,641055,4839262,08,3,135,16.2,2,347,0.02,7.3
1,643605,4839612,08,2,80,18.7,1.2,372,0.09,3.2
1,643505,4839361,08,1,60,21.9,1.4,340,0.22,7.7
1,643555,4839461,08,2,80,22.3,1,442,0.16,6.8
1,640505,4836612,08,1,50,23.7,1,383,0.13,6.1
1,643455,4839062,08,1,85,25,1,288,0.07,4.6
1,643755,4840162,08,3,71,14.4,2,302,0.53,5.4
1,641105,4839812,08,2,75,26.2,0.8,452,0.11,6
1,643455,4838462,08,3,180,19.4,1.8,378,0.12,6
1,640405,4836612,08,2,80,21.8,0.8,362,0,14.8
1,643655,4839912,08,3,85,16.1,2,276,0.47,6.6
1,643305,4839012,08,3,105,18,1.2,422,0,3.9
1,643655,4839912,08,3,98,17.7,1.4,422,0.05,3.5
1,642605,4837112,08,2,130,26.7,2,398,0.07,5.5
1,638905,4837461,08,2,65,24.1,2,448,0,15.3
1,639105,4850312,08,3,70,11.8,0.7,422,0,13.3
1,639255,4850562,08,1,70,21.2,1,469,0,11.2
1,638955,4850162,08,2,70,21.7,1,327,0,8.9
1,638955,4850162,08,1,130,27.1,1.3,458,0,5.2
1,639005,4850212,08,3,70,18,0.7,390,0,12
0,638755,4850062,08,1,65,24.1,0.9,365,0,3.7
1,638755,4850062,08,1,70,23.1,0.9,394,0,9.5
1,639205,4850362,08,2,50,21.8,1,439,0,7
1,642955,4834012,08,2,100,25.2,1,333,0.13,3.9
1,642855,4834612,08,1,100,25.1,1,370,0,7
1,643455,4832712,08,2,143,21.1,1.4,459,0.17,7.1
1,642855,4834512,08,1,200,24.8,2,398,0,8.2
1,642905,4833712,08,3,175,22.6,1.8,425,0.06,6.5
0,642955,4834062,08,1,180,30.8,1.8,345,0,5.7
1,642855,4834462,08,1,112,23.8,2,352,0.08,6
1,642905,4833712,08,1,120,25.7,1.2,393,0.05,8.6
0,642905,4833712,08,2,NA,NA,0.2,NA,NA,NA
1,643005,4833812,08,2,60,22,0.6,455,0.03,6.5
1,642905,4834261,08,3,180,20.2,1.8,417,0,10.8
0,643455,4832861,08,2,NA,NA,0.2,NA,NA,NA
1,642955,4833761,08,2,120,22.4,0.8,428,0,10.4
1,642955,4835162,08,3,150,24.7,1.5,346,0.09,7.6
1,642955,4835162,08,3,200,20.2,2,375,0,8.6
1,643455,4832562,08,3,100,16.5,1,390,0.06,9.4
0,643455,4832812,08,3,NA,NA,0.2,NA,NA,NA
1,643455,4832562,08,3,100,14.1,1,500,0.02,9
1,642955,4835062,08,3,85,16.7,0.9,304,0,9.9
1,641655,4845012,08,1,80,23.3,1.1,348,0.07,6.2
0,641955,4845862,08,3,NA,NA,0.2,NA,NA,NA
0,641655,4845012,08,1,NA,NA,0.2,NA,NA,NA
1,641955,4849062,08,3,65,18.2,0.8,378,0,8.9
1,641955,4849112,08,1,108,25,1.2,406,0,8.5
0,641905,4849062,08,2,NA,NA,0.2,NA,NA,NA
0,641955,4849012,08,2,NA,NA,0.2,NA,NA,NA
0,641955,4847212,08,3,NA,NA,0.2,NA,NA,NA
1,641755,4847212,08,1,90,25.8,1.3,365,0.37,7.8
1,643005,4846412,08,1,68,25.9,0.8,410,0,6.9
1,643055,4846462,08,3,110,16.6,1.1,274,0.02,5.9
1,639405,4848962,08,3,130,10.4,1.3,385,0,10.4
1,640505,4847512,08,1,155,26.4,1.5,435,0,8.5
1,640805,4848262,08,3,65,18.5,1.6,390,0,4
1,640755,4848112,08,2,130,25.2,1.4,359,0,2.5
1,642055,4847862,08,1,95,22.9,1,321,0,7.3
1,638605,4858012,08,1,50,23.4,1.8,163,0,8.6
1,638605,4858012,08,3,110,20.4,1.8,380,0,8.7
